{"display":{"thirdperson_righthand":{"rotation":[-165.25,90,0],"translation":[0,-0.5,1],"scale":[0.83125,0.83125,0.83125]},"thirdperson_lefthand":{"rotation":[-165.25,90,0],"translation":[0,-0.5,1],"scale":[0.83125,0.83125,0.83125]},"firstperson_righthand":{"rotation":[-114.01,74.69,-82.73],"translation":[1.88,0.7,-0.37],"scale":[0.68,0.68,0.68]},"firstperson_lefthand":{"rotation":[-114.01,74.69,-82.73],"translation":[1.88,0.7,-0.37],"scale":[0.68,0.68,0.68]},"ground":{"translation":[0,2,0],"scale":[0.5,0.5,0.5]},"gui":{"rotation":[0,0,45],"translation":[1.5,-0.75,0]}},"textures":{"0":"item/entities/athame","particle":"item/entities/athame"},"elements":[{"from":[6,0,8],"to":[9,3,8],"faces":{"north":{"uv":[8,0,11,3],"texture":"#0"},"east":{"uv":[0,0,0,3],"texture":"#0"},"south":{"uv":[8,3,11,6],"texture":"#0"},"west":{"uv":[0,0,0,3],"texture":"#0"},"up":{"uv":[3,0,0,0],"texture":"#0"},"down":{"uv":[3,0,0,0],"texture":"#0"}}},{"from":[6.5,3,7.5],"to":[8.5,9,8.5],"faces":{"north":{"uv":[6,0,8,6],"texture":"#0"},"east":{"uv":[8,6,9,12],"texture":"#0"},"south":{"uv":[6,6,8,12],"texture":"#0"},"west":{"uv":[9,6,10,12],"texture":"#0"},"up":{"uv":[12,7,10,6],"texture":"#0"},"down":{"uv":[12,7,10,8],"texture":"#0"}}},{"from":[6,8,8],"to":[9,20,8],"faces":{"north":{"uv":[0,0,3,12],"texture":"#0"},"east":{"uv":[0,0,0,12],"texture":"#0"},"south":{"uv":[3,0,6,12],"texture":"#0"},"west":{"uv":[0,0,0,12],"texture":"#0"},"up":{"uv":[3,0,0,0],"texture":"#0"},"down":{"uv":[3,0,0,0],"texture":"#0"}}}],"gui_light":"front"}