{"display":{"thirdperson_righthand":{"rotation":[90,0,0],"translation":[0,-3,8.25],"scale":[0,0,0]},"thirdperson_lefthand":{"rotation":[90,0,0],"translation":[0,-3,8.25],"scale":[0,0,0]},"firstperson_righthand":{"rotation":[118.79,61.72,12.31],"translation":[2.75,-3.75,-1.25]},"firstperson_lefthand":{"rotation":[117.62,69.29,22.93],"translation":[3.5,-2.75,0]},"gui":{"rotation":[-17.61,-16.94,-47.39],"translation":[1,2,0],"scale":[1.2,1.2,1.2]}},"texture_size":[64,64],"textures":{"1":"item/entities/witch"},"elements":[{"name":"Right Arm","from":[6.75,0,5],"to":[9.75,12,9],"rotation":{"angle":0,"axis":"y","origin":[8,0,8]},"faces":{"north":{"uv":[11,5,11.75,8],"texture":"#1"},"east":{"uv":[10,5,11,8],"texture":"#1"},"south":{"uv":[12.75,5,13.5,8],"texture":"#1"},"west":{"uv":[11.75,5,12.75,8],"texture":"#1"},"up":{"uv":[11.75,5,11,4],"texture":"#1"},"down":{"uv":[12.5,4,11.75,5],"texture":"#1"}}},{"name":"Right Arm Layer","from":[6.5,-0.25,4.75],"to":[10,12.25,9.25],"rotation":{"angle":0,"axis":"y","origin":[8,0,8]},"faces":{"north":{"uv":[11,9,11.75,12],"texture":"#1"},"east":{"uv":[10,9,11,12],"texture":"#1"},"south":{"uv":[12.75,9,13.5,12],"texture":"#1"},"west":{"uv":[11.75,9,12.75,12],"texture":"#1"},"up":{"uv":[11.75,9,11,8],"texture":"#1"},"down":{"uv":[12.5,8,11.75,9],"texture":"#1"}}}]}