{"display":{"thirdperson_righthand":{"rotation":[114.19,-5.29,15.76],"translation":[0,1.25,5.75],"scale":[0.8,0.8,0.8]},"thirdperson_lefthand":{"rotation":[114.19,-5.29,15.76],"translation":[0,1.25,5.75],"scale":[0.8,0.8,0.8]},"firstperson_righthand":{"rotation":[47.4,-18.64,43.53],"translation":[-0.25,1.75,-0.25],"scale":[0.6,0.6,0.6]},"firstperson_lefthand":{"rotation":[47.4,-18.64,43.53],"translation":[-0.25,1.75,-0.25],"scale":[0.6,0.6,0.6]},"ground":{"translation":[0,2,0],"scale":[0.5,0.5,0.5]},"gui":{"rotation":[60.13,-23.46,1.67],"translation":[-0.25,1.75,0],"scale":[0.875,0.875,0.875]},"head":{"translation":[0,0,-11.5]}},"texture_size":[64,64],"textures":{"0":"item/entities/tome","particle":"item/entities/tome"},"elements":[{"from":[6.5,1,2],"to":[9.5,2,13],"rotation":{"angle":0,"axis":"y","origin":[0.5,0,17]},"faces":{"north":{"uv":[8.5,0.5,7.75,0.75],"texture":"#0"},"east":{"uv":[9.75,6,7,6.25],"texture":"#0"},"south":{"uv":[8.5,0.25,7.75,0.5],"texture":"#0"},"west":{"uv":[9.75,6.25,7,6.5],"texture":"#0"},"up":{"uv":[7.75,0,7,2.75],"texture":"#0"},"down":{"uv":[7.75,5.5,7,2.75],"texture":"#0"}}},{"from":[0.49,1.49,1.99],"to":[7.51,2.51,13.01],"rotation":{"angle":-22.5,"axis":"z","origin":[7.5,2,7.5]},"faces":{"north":{"uv":[9.5,0,7.75,0.25],"texture":"#0"},"east":{"uv":[9.75,6.5,7,6.75],"texture":"#0"},"south":{"uv":[8.75,7.5,7,7.75],"texture":"#0"},"west":{"uv":[9.75,6.75,7,7],"texture":"#0"},"up":{"uv":[7,0,5.25,2.75],"texture":"#0"},"down":{"uv":[7,5.5,5.25,2.75],"texture":"#0"}}},{"from":[0.5,2.5,2],"to":[7.5,2.5,13],"rotation":{"angle":-45,"axis":"z","origin":[7.5,2.5,7.5]},"faces":{"north":{"uv":[1.75,0,0,0],"texture":"#0"},"east":{"uv":[2.75,0,0,0],"texture":"#0"},"south":{"uv":[1.75,0,0,0],"texture":"#0"},"west":{"uv":[2.75,0,0,0],"texture":"#0"},"up":{"uv":[1.75,5.5,0,8.25],"texture":"#0"},"down":{"uv":[3.5,8.25,1.75,5.5],"texture":"#0"}}},{"name":"magic","from":[0.5,3,2],"to":[7.5,3,13],"rotation":{"angle":-45,"axis":"z","origin":[7.5,2.5,7.5]},"faces":{"north":{"uv":[1.75,0,0,0],"texture":"#0"},"east":{"uv":[2.75,0,0,0],"texture":"#0"},"south":{"uv":[1.75,0,0,0],"texture":"#0"},"west":{"uv":[2.75,0,0,0],"texture":"#0"},"up":{"uv":[5.25,5.5,3.5,8.25],"texture":"#0"},"down":{"uv":[7,8.25,5.25,5.5],"texture":"#0"}}},{"from":[8.49,1.49,1.99],"to":[15.51,2.51,13.01],"rotation":{"angle":22.5,"axis":"z","origin":[8.5,2,7.5]},"faces":{"north":{"uv":[8.75,7.25,7,7.5],"texture":"#0"},"east":{"uv":[9.75,5.5,7,5.75],"texture":"#0"},"south":{"uv":[8.75,7,7,7.25],"texture":"#0"},"west":{"uv":[9.75,5.75,7,6],"texture":"#0"},"up":{"uv":[1.75,0,0,2.75],"texture":"#0"},"down":{"uv":[3.5,2.75,1.75,0],"texture":"#0"}}},{"from":[8.5,2.5,2],"to":[15.5,2.5,13],"rotation":{"angle":45,"axis":"z","origin":[8.5,2.5,7.5]},"faces":{"north":{"uv":[1.75,0,0,0],"texture":"#0"},"east":{"uv":[2.75,0,0,0],"texture":"#0"},"south":{"uv":[1.75,0,0,0],"texture":"#0"},"west":{"uv":[2.75,0,0,0],"texture":"#0"},"up":{"uv":[1.75,2.75,0,5.5],"texture":"#0"},"down":{"uv":[3.5,5.5,1.75,2.75],"texture":"#0"}}},{"name":"magic","from":[8.5,3,2],"to":[15.5,3,13],"rotation":{"angle":45,"axis":"z","origin":[8.5,2.5,7.5]},"faces":{"north":{"uv":[1.75,0,0,0],"texture":"#0"},"east":{"uv":[2.75,0,0,0],"texture":"#0"},"south":{"uv":[1.75,0,0,0],"texture":"#0"},"west":{"uv":[2.75,0,0,0],"texture":"#0"},"up":{"uv":[5.25,0,3.5,2.75],"texture":"#0"},"down":{"uv":[5.25,5.5,3.5,2.75],"texture":"#0"}}}],"gui_light":"front"}