{"display":{"thirdperson_righthand":{"translation":[0,3,-2.75],"scale":[0.75,0.75,0.75]},"thirdperson_lefthand":{"translation":[0,1.75,-2.75],"scale":[0.55,0.55,0.55]},"firstperson_righthand":{"rotation":[4.25,7.25,0],"translation":[0.25,14.25,-4]},"firstperson_lefthand":{"rotation":[4.25,7.25,0],"translation":[0.25,14.25,-4]},"ground":{"scale":[0.75,0.75,0.75]},"gui":{"rotation":[-20,135,0],"translation":[0,2.75,0],"scale":[0.76758,0.76758,0.76758]},"head":{"translation":[0,-1.25,0],"scale":[2.67,1,1]}},"texture_size":[32,32],"textures":{"0":"item/gear/shotgun","particle":"item/gear/shotgun"},"elements":[{"from":[8,2,12],"to":[8.01,4,17],"rotation":{"angle":0,"axis":"y","origin":[0,0,-4]},"faces":{"north":{"uv":[0,0,0,1],"texture":"#0"},"east":{"uv":[9,0,11.5,1],"texture":"#0"},"south":{"uv":[0,0,0,1],"texture":"#0"},"west":{"uv":[9,1,11.5,2],"texture":"#0"},"up":{"uv":[0,2.5,0,0],"texture":"#0"},"down":{"uv":[0,0,0,2.5],"texture":"#0"}}},{"from":[6,4,-4],"to":[8,6,14],"rotation":{"angle":-45,"axis":"z","origin":[7,5,5]},"faces":{"north":{"uv":[7,10.5,8,11.5],"texture":"#0"},"east":{"uv":[0,0,9,1],"texture":"#0"},"south":{"uv":[8,10.5,9,11.5],"texture":"#0"},"west":{"uv":[0,1,9,2],"texture":"#0"},"up":{"uv":[1,11,0,2],"texture":"#0"},"down":{"uv":[2,2,1,11],"texture":"#0"}}},{"from":[8,4,-4],"to":[10,6,14],"rotation":{"angle":45,"axis":"z","origin":[9,5,5]},"faces":{"north":{"uv":[9,10.5,10,11.5],"texture":"#0"},"east":{"uv":[2,2,11,3],"texture":"#0"},"south":{"uv":[0,11,1,12],"texture":"#0"},"west":{"uv":[2,3,11,4],"texture":"#0"},"up":{"uv":[3,13,2,4],"texture":"#0"},"down":{"uv":[4,4,3,13],"texture":"#0"}}},{"from":[6.99,4,11],"to":[9.01,7,16],"rotation":{"angle":0,"axis":"y","origin":[0,0,-4]},"faces":{"north":{"uv":[10,7,11,8.5],"texture":"#0"},"east":{"uv":[7.5,4,10,5.5],"texture":"#0"},"south":{"uv":[10,8.5,11,10],"texture":"#0"},"west":{"uv":[7.5,5.5,10,7],"texture":"#0"},"up":{"uv":[5,12,4,9.5],"texture":"#0"},"down":{"uv":[6,9.5,5,12],"texture":"#0"}}},{"from":[7,3,15],"to":[9,6,22],"rotation":{"angle":22.5,"axis":"x","origin":[8,4.5,15.5]},"faces":{"north":{"uv":[10,10,11,11.5],"texture":"#0"},"east":{"uv":[4,4,7.5,5.5],"texture":"#0"},"south":{"uv":[6,10.5,7,12],"texture":"#0"},"west":{"uv":[4,5.5,7.5,7],"texture":"#0"},"up":{"uv":[9,10.5,8,7],"texture":"#0"},"down":{"uv":[10,7,9,10.5],"texture":"#0"}}},{"from":[7,7,15],"to":[9,8,15.01],"rotation":{"angle":0,"axis":"y","origin":[0,0,-4]},"faces":{"north":{"uv":[1,11,2,11.5],"texture":"#0"},"east":{"uv":[11,3.5,11.5,4],"texture":"#0"},"south":{"uv":[11,2,12,2.5],"texture":"#0"},"west":{"uv":[11,7,11.5,7.5],"texture":"#0"},"up":{"uv":[12,3,11,2.5],"texture":"#0"},"down":{"uv":[12,3,11,3.5],"texture":"#0"}}},{"from":[6,3,6],"to":[10,5,11],"faces":{"north":{"uv":[6,9.5,8,10.5],"texture":"#0"},"east":{"uv":[10,4,12.5,5],"texture":"#0"},"south":{"uv":[10,6,12,7],"texture":"#0"},"west":{"uv":[10,5,12.5,6],"texture":"#0"},"up":{"uv":[6,9.5,4,7],"texture":"#0"},"down":{"uv":[8,7,6,9.5],"texture":"#0"}}}]}