{"display":{"thirdperson_righthand":{"rotation":[-73.25,0,0],"translation":[0,-1.25,-4.75],"scale":[0.75,0.75,0.75]},"thirdperson_lefthand":{"rotation":[-41,0,0],"translation":[0,1.75,-4.25],"scale":[0.55,0.55,0.55]},"firstperson_righthand":{"rotation":[-68,7.25,0],"translation":[0.25,8.25,-10.25]},"firstperson_lefthand":{"rotation":[-68,7.25,0],"translation":[0.25,8.25,-10.25]},"ground":{"rotation":[0,0,90],"translation":[-1.75,-3,0],"scale":[0.5,0.5,0.5]},"gui":{"rotation":[-146.76,37.4,105.63],"translation":[-2.5,2.75,0],"scale":[0.76758,0.76758,0.76758]},"head":{"translation":[0,-1.25,0],"scale":[2.67,1,1]}},"texture_size":[32,32],"textures":{"0":"item/gear/shotgun","particle":"item/gear/shotgun"},"elements":[{"from":[8,-1.86418,10.63582],"to":[8.01,3.13582,12.63582],"rotation":{"angle":0,"axis":"x","origin":[8.0025,-0.75,13.88582]},"faces":{"north":{"uv":[0,0,0,2.5],"rotation":180,"texture":"#0"},"east":{"uv":[9,0,11.5,1],"rotation":270,"texture":"#0"},"south":{"uv":[0,2.5,0,0],"texture":"#0"},"west":{"uv":[9,1,11.5,2],"rotation":90,"texture":"#0"},"up":{"uv":[0,0,0,1],"rotation":180,"texture":"#0"},"down":{"uv":[0,0,0,1],"texture":"#0"}}},{"from":[6,4,-4],"to":[8,6,14],"rotation":{"angle":-45,"axis":"z","origin":[7,5,5]},"faces":{"north":{"uv":[7,10.5,8,11.5],"texture":"#0"},"east":{"uv":[0,0,9,1],"texture":"#0"},"south":{"uv":[8,10.5,9,11.5],"texture":"#0"},"west":{"uv":[0,1,9,2],"texture":"#0"},"up":{"uv":[1,11,0,2],"texture":"#0"},"down":{"uv":[2,2,1,11],"texture":"#0"}}},{"from":[8,4,-4],"to":[10,6,14],"rotation":{"angle":45,"axis":"z","origin":[9,5,5]},"faces":{"north":{"uv":[9,10.5,10,11.5],"texture":"#0"},"east":{"uv":[2,2,11,3],"texture":"#0"},"south":{"uv":[0,11,1,12],"texture":"#0"},"west":{"uv":[2,3,11,4],"texture":"#0"},"up":{"uv":[3,13,2,4],"texture":"#0"},"down":{"uv":[4,4,3,13],"texture":"#0"}}},{"from":[6.99,-0.86418,12.63582],"to":[9.01,4.13582,15.63582],"rotation":{"angle":0,"axis":"x","origin":[8.0025,-0.75,13.88582]},"faces":{"north":{"uv":[6,9.5,5,12],"rotation":180,"texture":"#0"},"east":{"uv":[7.5,4,10,5.5],"rotation":270,"texture":"#0"},"south":{"uv":[5,12,4,9.5],"texture":"#0"},"west":{"uv":[7.5,5.5,10,7],"rotation":90,"texture":"#0"},"up":{"uv":[10,7,11,8.5],"rotation":180,"texture":"#0"},"down":{"uv":[10,8.5,11,10],"texture":"#0"}}},{"from":[7,-7.18056,11.54526],"to":[9,-0.18056,14.54526],"rotation":{"angle":22.5,"axis":"x","origin":[8.0025,-0.75,13.88582]},"faces":{"north":{"uv":[10,7,9,10.5],"rotation":180,"texture":"#0"},"east":{"uv":[4,4,7.5,5.5],"rotation":270,"texture":"#0"},"south":{"uv":[9,10.5,8,7],"texture":"#0"},"west":{"uv":[4,5.5,7.5,7],"rotation":90,"texture":"#0"},"up":{"uv":[10,10,11,11.5],"rotation":180,"texture":"#0"},"down":{"uv":[6,10.5,7,12],"texture":"#0"}}},{"from":[7,0.12582,15.63582],"to":[9,0.13582,16.63582],"rotation":{"angle":0,"axis":"x","origin":[8.0025,-0.75,13.88582]},"faces":{"north":{"uv":[12,3,11,3.5],"rotation":180,"texture":"#0"},"east":{"uv":[11,3.5,11.5,4],"rotation":270,"texture":"#0"},"south":{"uv":[12,3,11,2.5],"texture":"#0"},"west":{"uv":[11,7,11.5,7.5],"rotation":90,"texture":"#0"},"up":{"uv":[1,11,2,11.5],"rotation":180,"texture":"#0"},"down":{"uv":[11,2,12,2.5],"texture":"#0"}}},{"from":[6,3,6],"to":[10,5,11],"faces":{"north":{"uv":[6,9.5,8,10.5],"texture":"#0"},"east":{"uv":[10,4,12.5,5],"texture":"#0"},"south":{"uv":[10,6,12,7],"texture":"#0"},"west":{"uv":[10,5,12.5,6],"texture":"#0"},"up":{"uv":[6,9.5,4,7],"texture":"#0"},"down":{"uv":[8,7,6,9.5],"texture":"#0"}}}]}