{"display":{"gui":{"rotation":[-159,43.25,180],"translation":[0,2,0]},"head":{"rotation":[-45.25,0,0],"translation":[0,3.5,-5.75]}},"texture_size":[32,32],"textures":{"0":"item/rooms/489","particle":"item/rooms/489"},"elements":[{"from":[4,0,3],"to":[12,1,14],"rotation":{"angle":0,"axis":"y","origin":[7,0,3]},"faces":{"north":{"uv":[9,4,13,4.5],"texture":"#0"},"east":{"uv":[2,8.5,7.5,9],"texture":"#0"},"south":{"uv":[9,4.5,13,5],"texture":"#0"},"west":{"uv":[2,9,7.5,9.5],"texture":"#0"},"up":{"uv":[4,5.5,0,0],"texture":"#0"},"down":{"uv":[8,0,4,5.5],"texture":"#0"}}},{"from":[7,0.5,13],"to":[9,7.5,14],"rotation":{"angle":-22.5,"axis":"x","origin":[8,1,13.5]},"faces":{"north":{"uv":[8,4,9,7.5],"texture":"#0"},"east":{"uv":[7.5,8.5,8,12],"texture":"#0"},"south":{"uv":[8,7.5,9,11],"texture":"#0"},"west":{"uv":[2,9.5,2.5,13],"texture":"#0"},"up":{"uv":[7.5,10,6.5,9.5],"texture":"#0"},"down":{"uv":[11,0,10,0.5],"texture":"#0"}}},{"from":[7,6.50522,10.51256],"to":[9,12.50522,11.51256],"rotation":{"angle":0,"axis":"y","origin":[8,6.50522,11.01256]},"faces":{"north":{"uv":[0,8.5,1,11.5],"texture":"#0"},"east":{"uv":[2.5,9.5,3,12.5],"texture":"#0"},"south":{"uv":[1,8.5,2,11.5],"texture":"#0"},"west":{"uv":[3,9.5,3.5,12.5],"texture":"#0"},"up":{"uv":[11,1,10,0.5],"texture":"#0"},"down":{"uv":[11,1,10,1.5],"texture":"#0"}}},{"from":[6,7,5.5],"to":[10,13,9.5],"rotation":{"angle":0,"axis":"y","origin":[8,8,7.5]},"faces":{"north":{"uv":[0,5.5,2,8.5],"texture":"#0"},"east":{"uv":[2,5.5,4,8.5],"texture":"#0"},"south":{"uv":[4,5.5,6,8.5],"texture":"#0"},"west":{"uv":[6,5.5,8,8.5],"texture":"#0"},"up":{"uv":[10,2,8,0],"texture":"#0"},"down":{"uv":[10,2,8,4],"texture":"#0"}}},{"from":[7,5,6.5],"to":[9,7,10.5],"rotation":{"angle":0,"axis":"y","origin":[8,6,7.5]},"faces":{"north":{"uv":[3.5,9.5,4.5,10.5],"texture":"#0"},"east":{"uv":[9,5,11,6],"texture":"#0"},"south":{"uv":[4.5,9.5,5.5,10.5],"texture":"#0"},"west":{"uv":[9,6,11,7],"texture":"#0"},"up":{"uv":[10,9,9,7],"texture":"#0"},"down":{"uv":[10,9,9,11],"texture":"#0"}}},{"from":[8,8,9.5],"to":[8,12,10.5],"rotation":{"angle":0,"axis":"y","origin":[8,7,7.5]},"faces":{"north":{"uv":[0,0,0,2],"texture":"#0"},"east":{"uv":[5.5,9.5,6,11.5],"texture":"#0"},"south":{"uv":[0,0,0,2],"texture":"#0"},"west":{"uv":[6,9.5,6.5,11.5],"texture":"#0"},"up":{"uv":[0,0.5,0,0],"texture":"#0"},"down":{"uv":[0,0,0,0.5],"texture":"#0"}}}]}