{"elements":[{"from":[2,0,0],"to":[14,0,16],"faces":{"north":{"uv":[0,0,12,0],"texture":"#0"},"east":{"uv":[0,0,16,0],"texture":"#0"},"south":{"uv":[0,0,12,0],"texture":"#0"},"west":{"uv":[0,0,16,0],"texture":"#0"},"up":{"uv":[2,0,14,16],"texture":"#0"},"down":{"uv":[2,0,14,16],"texture":"#0"}}},{"from":[14,0,0],"to":[15,0,16],"rotation":{"angle":22.5,"axis":"z","origin":[14,0,0]},"faces":{"north":{"uv":[0,0,1,0],"texture":"#0"},"east":{"uv":[0,0,16,0],"texture":"#0"},"south":{"uv":[0,0,1,0],"texture":"#0"},"west":{"uv":[0,0,16,0],"texture":"#0"},"up":{"uv":[14,0,15,16],"texture":"#0"},"down":{"uv":[14,0,15,16],"texture":"#0"}}},{"from":[14.925,0.385,0],"to":[14.925,1.385,16],"rotation":{"angle":-22.5,"axis":"z","origin":[14.925,0.385,0]},"faces":{"north":{"uv":[0,0,1,0],"rotation":270,"texture":"#0"},"east":{"uv":[15,0,16,16],"rotation":90,"texture":"#0"},"south":{"uv":[0,0,1,0],"rotation":90,"texture":"#0"},"west":{"uv":[15,0,16,16],"rotation":90,"texture":"#0"},"up":{"uv":[0,0,16,0],"rotation":90,"texture":"#0"},"down":{"uv":[0,0,16,0],"rotation":90,"texture":"#0"}}},{"from":[1.075,0.385,0],"to":[1.075,1.385,16],"rotation":{"angle":22.5,"axis":"z","origin":[1.075,0.385,0]},"faces":{"north":{"uv":[0,0,1,0],"rotation":270,"texture":"#0"},"east":{"uv":[0,0,1,16],"rotation":90,"texture":"#0"},"south":{"uv":[0,0,1,0],"rotation":90,"texture":"#0"},"west":{"uv":[0,0,1,16],"rotation":90,"texture":"#0"},"up":{"uv":[0,0,16,0],"rotation":90,"texture":"#0"},"down":{"uv":[0,0,16,0],"rotation":90,"texture":"#0"}}},{"from":[1,0,0],"to":[2,0,16],"rotation":{"angle":-22.5,"axis":"z","origin":[2,0,0]},"faces":{"north":{"uv":[0,0,1,0],"texture":"#0"},"east":{"uv":[0,0,16,0],"texture":"#0"},"south":{"uv":[0,0,1,0],"texture":"#0"},"west":{"uv":[0,0,16,0],"texture":"#0"},"up":{"uv":[1,0,2,16],"texture":"#0"},"down":{"uv":[1,0,2,16],"texture":"#0"}}}],"textures":{"0":"item/rooms/blueprint","particle":"item/rooms/blueprint"}}