{"display":{"head":{"translation":[0,35,0],"scale":[1.53846,1.53846,1.53846]}},"texture_size":[16,32],"textures":{"0":"item/rooms/ldoor","particle":"item/rooms/ldoor"},"elements":[{"from":[12,0,6],"to":[16,32,10],"faces":{"north":{"uv":[16,0,12,16],"texture":"#0"},"east":{"uv":[12,0,16,16],"texture":"#0"},"south":{"uv":[12,0,16,16],"texture":"#0"},"west":{"uv":[11,0,13,16],"texture":"#0"},"up":{"uv":[12,0,16,2],"texture":"#0"},"down":{"uv":[12,0,16,2],"texture":"#0"}}},{"from":[11,0,6],"to":[12,30,10],"faces":{"north":{"uv":[11,1,12,16],"texture":"#0"},"east":{"uv":[11,1,12,16],"texture":"#0"},"south":{"uv":[11,1,12,16],"texture":"#0"},"west":{"uv":[11,1,12,15.5],"texture":"#0"},"up":{"uv":[12,1,11,3],"texture":"#0"},"down":{"uv":[11,14,12,16],"texture":"#0"}}},{"from":[10,0,6],"to":[11,26,10],"faces":{"north":{"uv":[10,3,11,16],"texture":"#0"},"east":{"uv":[0,2.5,4,15.5],"texture":"#0"},"south":{"uv":[10,3,11,16],"texture":"#0"},"west":{"uv":[10,3,11,16],"texture":"#0"},"up":{"uv":[10,3,11,5],"texture":"#0"},"down":{"uv":[10,14,11,16],"texture":"#0"}}},{"from":[9,0,6],"to":[10,22,10],"faces":{"north":{"uv":[9,5,10,16],"texture":"#0"},"east":{"uv":[9,5,10,16],"texture":"#0"},"south":{"uv":[9,5,10,16],"texture":"#0"},"west":{"uv":[9,5,10,16],"texture":"#0"},"up":{"uv":[9,5,10,7],"texture":"#0"},"down":{"uv":[9,14,10,16],"texture":"#0"}}},{"from":[8,0,6],"to":[9,18,10],"faces":{"north":{"uv":[8,7,9,16],"texture":"#0"},"east":{"uv":[8,7,9,16],"texture":"#0"},"south":{"uv":[8,7,9,16],"texture":"#0"},"west":{"uv":[8,7,9,16],"texture":"#0"},"up":{"uv":[8,7,9,9],"texture":"#0"},"down":{"uv":[8,14,9,16],"texture":"#0"}}},{"from":[7,0,6],"to":[8,14,10],"faces":{"north":{"uv":[7,9,8,16],"texture":"#0"},"east":{"uv":[7,9,8,16],"texture":"#0"},"south":{"uv":[7,9,8,16],"texture":"#0"},"west":{"uv":[7,9,8,16],"texture":"#0"},"up":{"uv":[7,9,8,11],"texture":"#0"},"down":{"uv":[7,14,8,16],"texture":"#0"}}},{"from":[6,0,6],"to":[7,10,10],"faces":{"north":{"uv":[6,11,7,16],"texture":"#0"},"east":{"uv":[6,11,7,16],"texture":"#0"},"south":{"uv":[6,11,7,16],"texture":"#0"},"west":{"uv":[6,11,7,16],"texture":"#0"},"up":{"uv":[6,11,7,13],"texture":"#0"},"down":{"uv":[6,14,7,16],"texture":"#0"}}},{"from":[5,0,6],"to":[6,6,10],"faces":{"north":{"uv":[5,13,6,16],"texture":"#0"},"east":{"uv":[5,13,6,16],"texture":"#0"},"south":{"uv":[5,13,6,16],"texture":"#0"},"west":{"uv":[5,13,6,16],"texture":"#0"},"up":{"uv":[5,13,6,15],"texture":"#0"},"down":{"uv":[5,14,6,16],"texture":"#0"}}},{"from":[4,0,6],"to":[5,2,10],"faces":{"north":{"uv":[4,15,5,16],"texture":"#0"},"east":{"uv":[4,15,5,16],"texture":"#0"},"south":{"uv":[4,15,5,16],"texture":"#0"},"west":{"uv":[4,15,5,16],"texture":"#0"},"up":{"uv":[4,13.5,5,16],"texture":"#0"},"down":{"uv":[4,14,5,16],"texture":"#0"}}}]}