{"display":{"head":{"translation":[0,35,0],"scale":[1.53846,1.53846,1.53846]}},"texture_size":[16,32],"textures":{"0":"item/rooms/ldoor","particle":"item/rooms/ldoor"},"elements":[{"from":[11,30,6],"to":[12,32,10],"faces":{"north":{"uv":[11,0,12,1],"texture":"#0"},"east":{"uv":[11,0,13,1],"texture":"#0"},"south":{"uv":[11,0,12,1],"texture":"#0"},"west":{"uv":[11,0,13,1],"texture":"#0"},"up":{"uv":[11,0,12,2],"texture":"#0"},"down":{"uv":[11,0,12,1],"texture":"#0"}}},{"from":[0,0,6],"to":[4,32,10],"faces":{"north":{"uv":[4,0,0,16],"texture":"#0"},"east":{"uv":[4,0,5,16],"texture":"#0"},"south":{"uv":[0,0,4,16],"texture":"#0"},"west":{"uv":[0,0,1,16],"texture":"#0"},"up":{"uv":[0,0,4,2],"texture":"#0"},"down":{"uv":[0,14,4,16],"texture":"#0"}}},{"from":[4,2,6],"to":[5,32,10],"faces":{"north":{"uv":[4,0,5,15],"texture":"#0"},"east":{"uv":[4,0,5,15],"texture":"#0"},"south":{"uv":[4,0,5,15],"texture":"#0"},"west":{"uv":[4,0,5,15],"texture":"#0"},"up":{"uv":[4,0,5,2],"texture":"#0"},"down":{"uv":[4,13,5,15],"texture":"#0"}}},{"from":[5,6,6],"to":[6,32,10],"faces":{"north":{"uv":[5,0,6,13],"texture":"#0"},"east":{"uv":[5,0,6,13],"texture":"#0"},"south":{"uv":[5,0,6,13],"texture":"#0"},"west":{"uv":[5,0,6,13],"texture":"#0"},"up":{"uv":[5,0,6,2],"texture":"#0"},"down":{"uv":[5,11,6,13],"texture":"#0"}}},{"from":[6,10,6],"to":[7,32,10],"faces":{"north":{"uv":[6,0,7,11],"texture":"#0"},"east":{"uv":[6,0,7,11],"texture":"#0"},"south":{"uv":[6,0,7,11],"texture":"#0"},"west":{"uv":[6,0,7,11],"texture":"#0"},"up":{"uv":[6,0,7,2],"texture":"#0"},"down":{"uv":[6,0,7,2],"texture":"#0"}}},{"from":[7,14,6],"to":[8,32,10],"faces":{"north":{"uv":[7,0,8,9],"texture":"#0"},"east":{"uv":[7,0,8,9],"texture":"#0"},"south":{"uv":[7,0,8,9],"texture":"#0"},"west":{"uv":[7,0,8,9],"texture":"#0"},"up":{"uv":[7,0,8,2],"texture":"#0"},"down":{"uv":[7,7,8,9],"texture":"#0"}}},{"from":[8,18,6],"to":[9,32,10],"faces":{"north":{"uv":[8,0,9,7],"texture":"#0"},"east":{"uv":[8,0,9,7],"texture":"#0"},"south":{"uv":[8,0,9,7],"texture":"#0"},"west":{"uv":[8,0,9,7],"texture":"#0"},"up":{"uv":[8,0,9,2],"texture":"#0"},"down":{"uv":[8,5,9,7],"texture":"#0"}}},{"from":[9,22,6],"to":[10,32,10],"faces":{"north":{"uv":[9,0,10,5],"texture":"#0"},"east":{"uv":[9,0,10,5],"texture":"#0"},"south":{"uv":[9,0,10,5],"texture":"#0"},"west":{"uv":[9,0,10,5],"texture":"#0"},"up":{"uv":[9,0,10,2],"texture":"#0"},"down":{"uv":[9,3,10,5],"texture":"#0"}}},{"from":[10,26,6],"to":[11,32,10],"faces":{"north":{"uv":[10,0,11,3],"texture":"#0"},"east":{"uv":[10,0,12,3],"texture":"#0"},"south":{"uv":[10,0,11,3],"texture":"#0"},"west":{"uv":[10,1,12,3],"texture":"#0"},"up":{"uv":[10,0,11,1],"texture":"#0"},"down":{"uv":[10,2,11,3],"texture":"#0"}}}]}