{"display":{"thirdperson_righthand":{"rotation":[75,45,0],"translation":[0,2.5,0],"scale":[0.375,0.375,0.375]},"thirdperson_lefthand":{"rotation":[75,45,0],"translation":[0,2.5,0],"scale":[0.375,0.375,0.375]},"firstperson_righthand":{"rotation":[0,90,25],"translation":[0,1.6,0.8],"scale":[0.68,0.68,0.68]},"firstperson_lefthand":{"rotation":[0,-90,-25],"translation":[0,1.6,0.8],"scale":[0.68,0.68,0.68]},"ground":{"translation":[0,3,0],"scale":[0.25,0.25,0.25]},"gui":{"rotation":[30,225,0],"translation":[0,3.5,0],"scale":[0.81055,0.81055,0.81055]},"head":{"translation":[0,5.25,0],"scale":[1.47461,1.47461,1.47461]}},"texture_size":[64,64],"textures":{"0":"item/rooms/microwave","particle":"item/rooms/microwave"},"elements":[{"from":[13,1,3],"to":[14,8,11],"faces":{"north":{"uv":[8,8.25,8.25,10],"texture":"#0"},"east":{"uv":[6,1.75,8,3.5],"texture":"#0"},"south":{"uv":[8.25,8.25,8.5,10],"texture":"#0"},"west":{"uv":[0,6.75,2,8.5],"texture":"#0"},"up":{"uv":[7.75,10.25,7.5,8.25],"texture":"#0"},"down":{"uv":[8,8.25,7.75,10.25],"texture":"#0"}}},{"from":[2,0,3],"to":[14,1,13],"faces":{"north":{"uv":[8,3.5,11,3.75],"texture":"#0"},"east":{"uv":[8,4.5,10.5,4.75],"texture":"#0"},"south":{"uv":[8,3.75,11,4],"texture":"#0"},"west":{"uv":[8,4.75,10.5,5],"texture":"#0"},"up":{"uv":[3,2.5,0,0],"texture":"#0"},"down":{"uv":[3,2.5,0,5],"texture":"#0"}}},{"from":[2,8,3],"to":[14,9,13],"faces":{"north":{"uv":[8,4,11,4.25],"texture":"#0"},"east":{"uv":[8,5,10.5,5.25],"texture":"#0"},"south":{"uv":[8,4.25,11,4.5],"texture":"#0"},"west":{"uv":[7.5,8,10,8.25],"texture":"#0"},"up":{"uv":[6,2.5,3,0],"texture":"#0"},"down":{"uv":[6,2.5,3,5],"texture":"#0"}}},{"from":[2,1,3],"to":[6,8,13],"faces":{"north":{"uv":[7,3.5,8,5.25],"texture":"#0"},"east":{"uv":[0,5,2.5,6.75],"texture":"#0"},"south":{"uv":[7.5,5.25,8.5,7],"texture":"#0"},"west":{"uv":[2.5,5,5,6.75],"texture":"#0"},"up":{"uv":[6.5,9.25,5.5,6.75],"texture":"#0"},"down":{"uv":[7.5,6.75,6.5,9.25],"texture":"#0"}}},{"from":[6,1,11],"to":[14,8,13],"faces":{"north":{"uv":[5,5,7,6.75],"texture":"#0"},"east":{"uv":[8,0,8.5,1.75],"texture":"#0"},"south":{"uv":[6,0,8,1.75],"texture":"#0"},"west":{"uv":[8,1.75,8.5,3.5],"texture":"#0"},"up":{"uv":[9.5,7.5,7.5,7],"texture":"#0"},"down":{"uv":[9.5,7.5,7.5,8],"texture":"#0"}}},{"from":[13,1,-3.5],"to":[14,8,3.5],"rotation":{"angle":22.5,"axis":"y","origin":[13,4.5,3.5]},"faces":{"north":{"uv":[8.5,0,8.75,1.75],"texture":"#0"},"east":{"uv":[2,6.75,3.75,8.5],"texture":"#0"},"south":{"uv":[0,8.5,0.25,10.25],"texture":"#0"},"west":{"uv":[3.75,6.75,5.5,8.5],"texture":"#0"},"up":{"uv":[2,8.75,0.25,8.5],"rotation":90,"texture":"#0"},"down":{"uv":[10.25,1.75,8.5,2],"rotation":270,"texture":"#0"}}}]}