{"display":{"gui":{"rotation":[-57.39,8.46,-28.46],"translation":[3.5,2.25,0]}},"texture_size":[32,32],"textures":{"0":"item/misc/smokealarm","particle":"item/misc/smokealarm"},"elements":[{"from":[4,0,4],"to":[12,3,12],"rotation":{"angle":0,"axis":"y","origin":[7,0,7]},"faces":{"north":{"uv":[0,8,4,9.5],"texture":"#0"},"east":{"uv":[8,0,12,1.5],"texture":"#0"},"south":{"uv":[8,1.5,12,3],"texture":"#0"},"west":{"uv":[8,3,12,4.5],"texture":"#0"},"up":{"uv":[4,4,0,0],"texture":"#0"},"down":{"uv":[4,4,0,8],"texture":"#0"}}},{"from":[3.75,-0.25,3.75],"to":[12.25,1.25,12.25],"rotation":{"angle":0,"axis":"y","origin":[7,0,7]},"faces":{"north":{"uv":[4,8,8,8.5],"texture":"#0"},"east":{"uv":[8,4.5,12,5],"texture":"#0"},"south":{"uv":[8,5,12,5.5],"texture":"#0"},"west":{"uv":[8,5.5,12,6],"texture":"#0"},"up":{"uv":[8,4,4,0],"texture":"#0"},"down":{"uv":[8,4,4,8],"texture":"#0"}}}]}