{"display":{"thirdperson_righthand":{"rotation":[90,0,0],"translation":[0,-3,8.25],"scale":[0,0,0]},"thirdperson_lefthand":{"rotation":[90,0,0],"translation":[0,-3,8.25],"scale":[0,0,0]},"firstperson_righthand":{"rotation":[121.32,75.64,-61.76],"translation":[4,10.25,0]},"firstperson_lefthand":{"rotation":[-54.36,-78.62,-119.54],"translation":[4,10.25,0]},"gui":{"rotation":[-17.61,-16.94,-47.39],"translation":[2.25,4,0],"scale":[0.8,0.8,0.8]}},"texture_size":[64,64],"textures":{"2":"item/entities/mimichand","particle":"item/entities/mimichand"},"elements":[{"name":"Right Arm","from":[9.75,-1,6],"to":[10.75,3,8],"rotation":{"angle":0,"axis":"y","origin":[8,0,8]},"faces":{"north":{"uv":[0,5.25,0.25,7.5],"texture":"#2"},"east":{"uv":[0,5.25,0.5,7.5],"texture":"#2"},"south":{"uv":[0,5.25,0.25,7.5],"texture":"#2"},"west":{"uv":[0,5.25,0.5,7.5],"texture":"#2"},"up":{"uv":[0.5,4.5,0.25,4],"texture":"#2"},"down":{"uv":[2.5,4.25,2.25,4.75],"texture":"#2"}}},{"name":"Right Arm","from":[9.75,-2,5],"to":[10.75,0,6],"rotation":{"angle":0,"axis":"y","origin":[8,0,8]},"faces":{"north":{"uv":[0,5.25,0.25,7.5],"texture":"#2"},"east":{"uv":[0,5.25,0.5,7.5],"texture":"#2"},"south":{"uv":[0,5.25,0.25,7.5],"texture":"#2"},"west":{"uv":[0,5.25,0.5,7.5],"texture":"#2"},"up":{"uv":[0.5,4.5,0.25,4],"texture":"#2"},"down":{"uv":[2.5,4.25,2.25,4.75],"texture":"#2"}}},{"name":"Right Arm","from":[9.75,-5,5],"to":[10.75,-4,6],"rotation":{"angle":0,"axis":"y","origin":[8,0,8]},"faces":{"north":{"uv":[0,5.25,0.25,7.5],"texture":"#2"},"east":{"uv":[0,5.25,0.5,7.5],"texture":"#2"},"south":{"uv":[0,5.25,0.25,7.5],"texture":"#2"},"west":{"uv":[0,5.25,0.5,7.5],"texture":"#2"},"up":{"uv":[0.5,4.5,0.25,4],"texture":"#2"},"down":{"uv":[2.5,4.25,2.25,4.75],"texture":"#2"}}},{"name":"Right Arm","from":[9.75,-5,8],"to":[10.75,-4,9],"rotation":{"angle":0,"axis":"y","origin":[8,0,8]},"faces":{"north":{"uv":[0,5.25,0.25,7.5],"texture":"#2"},"east":{"uv":[0,5.25,0.5,7.5],"texture":"#2"},"south":{"uv":[0,5.25,0.25,7.5],"texture":"#2"},"west":{"uv":[0,5.25,0.5,7.5],"texture":"#2"},"up":{"uv":[0.5,4.5,0.25,4],"texture":"#2"},"down":{"uv":[2.5,4.25,2.25,4.75],"texture":"#2"}}},{"name":"Right Arm","from":[9.75,-2,8],"to":[10.75,0,9],"rotation":{"angle":0,"axis":"y","origin":[8,0,8]},"faces":{"north":{"uv":[0,5.25,0.25,7.5],"texture":"#2"},"east":{"uv":[0,5.25,0.5,7.5],"texture":"#2"},"south":{"uv":[0,5.25,0.25,7.5],"texture":"#2"},"west":{"uv":[0,5.25,0.5,7.5],"texture":"#2"},"up":{"uv":[0.5,4.5,0.25,4],"texture":"#2"},"down":{"uv":[2.5,4.25,2.25,4.75],"texture":"#2"}}},{"name":"Right Arm","from":[9.75,-4,4],"to":[10.75,-2,5],"rotation":{"angle":0,"axis":"y","origin":[8,0,8]},"faces":{"north":{"uv":[0,5.25,0.25,7.5],"texture":"#2"},"east":{"uv":[0,5.25,0.5,7.5],"texture":"#2"},"south":{"uv":[0,5.25,0.25,7.5],"texture":"#2"},"west":{"uv":[0,5.25,0.5,7.5],"texture":"#2"},"up":{"uv":[0.5,4.5,0.25,4],"texture":"#2"},"down":{"uv":[2.5,4.25,2.25,4.75],"texture":"#2"}}},{"name":"Right Arm","from":[9.75,-7,5],"to":[10.75,-5,9],"rotation":{"angle":0,"axis":"y","origin":[8,0,8]},"faces":{"north":{"uv":[0,5.25,0.25,7.5],"texture":"#2"},"east":{"uv":[0,5.25,0.5,7.5],"texture":"#2"},"south":{"uv":[0,5.25,0.25,7.5],"texture":"#2"},"west":{"uv":[0,5.25,0.5,7.5],"texture":"#2"},"up":{"uv":[0.5,4.5,0.25,4],"texture":"#2"},"down":{"uv":[2.5,4.25,2.25,4.75],"texture":"#2"}}},{"name":"Right Arm","from":[9.75,-9,6],"to":[10.75,-7,8],"rotation":{"angle":0,"axis":"y","origin":[8,0,8]},"faces":{"north":{"uv":[0,5.25,0.25,7.5],"texture":"#2"},"east":{"uv":[0,5.25,0.5,7.5],"texture":"#2"},"south":{"uv":[0,5.25,0.25,7.5],"texture":"#2"},"west":{"uv":[0,5.25,0.5,7.5],"texture":"#2"},"up":{"uv":[0.5,4.5,0.25,4],"texture":"#2"},"down":{"uv":[2.5,4.25,2.25,4.75],"texture":"#2"}}},{"name":"Right Arm","from":[9.75,-4,9],"to":[10.75,-2,10],"rotation":{"angle":0,"axis":"y","origin":[8,0,8]},"faces":{"north":{"uv":[0,5.25,0.25,7.5],"texture":"#2"},"east":{"uv":[0,5.25,0.5,7.5],"texture":"#2"},"south":{"uv":[0,5.25,0.25,7.5],"texture":"#2"},"west":{"uv":[0,5.25,0.5,7.5],"texture":"#2"},"up":{"uv":[0.5,4.5,0.25,4],"texture":"#2"},"down":{"uv":[2.5,4.25,2.25,4.75],"texture":"#2"}}},{"name":"Right Arm","from":[6.75,0,5],"to":[9.75,12,9],"rotation":{"angle":0,"axis":"y","origin":[8,0,8]},"faces":{"north":{"uv":[11,5,11.75,8],"texture":"#2"},"east":{"uv":[10,5,11,8],"texture":"#2"},"south":{"uv":[12.75,5,13.5,8],"texture":"#2"},"west":{"uv":[11.75,5,12.75,8],"texture":"#2"},"up":{"uv":[11.75,5,11,4],"texture":"#2"},"down":{"uv":[12.5,4,11.75,5],"texture":"#2"}}},{"name":"Right Arm Layer","from":[6.5,-0.25,4.75],"to":[10,12.25,9.25],"rotation":{"angle":0,"axis":"y","origin":[8,0,8]},"faces":{"north":{"uv":[11,9,11.75,12],"texture":"#2"},"east":{"uv":[10,9,11,12],"texture":"#2"},"south":{"uv":[12.75,9,13.5,12],"texture":"#2"},"west":{"uv":[11.75,9,12.75,12],"texture":"#2"},"up":{"uv":[11.75,9,11,8],"texture":"#2"},"down":{"uv":[12.5,8,11.75,9],"texture":"#2"}}}]}