{"display":{"thirdperson_righthand":{"scale":[0,0,0]},"thirdperson_lefthand":{"scale":[0,0,0]},"firstperson_righthand":{"scale":[0,0,0]},"firstperson_lefthand":{"scale":[0,0,0]},"ground":{"scale":[0,0,0]},"head":{"scale":[0,0,0]},"fixed":{"scale":[0,0,0]}},"textures":{"0":"item/itemguis/blockout","particle":"item/itemguis/blockout"},"elements":[{"from":[-1,-1,0],"to":[17,17,0],"faces":{"north":{"uv":[0,0,16,16],"texture":"#0"},"east":{"uv":[0,0,0,16],"texture":"#0"},"south":{"uv":[0,0,16,16],"texture":"#0"},"west":{"uv":[0,0,0,16],"texture":"#0"},"up":{"uv":[0,0,16,0],"texture":"#0"},"down":{"uv":[0,0,16,0],"texture":"#0"}}}],"gui_light":"front"}