{"display":{"firstperson_lefthand":{"scale":[0,0,0]},"ground":{"scale":[0,0,0]},"gui":{"translation":[72,-18,-80],"scale":[3.37,1.123,0]},"head":{"scale":[0,0,0]},"fixed":{"scale":[0,0,0]}},"textures":{"0":"item/itemguis/default_inv","particle":"item/itemguis/default_inv"},"elements":[{"from":[-16,-16,-16],"to":[32,32,-16],"faces":{"north":{"uv":[0,0,16,16],"texture":"#0"},"east":{"uv":[0,0,0,16],"texture":"#0"},"south":{"uv":[0,0,16,16],"texture":"#0"},"west":{"uv":[0,0,0,16],"texture":"#0"},"up":{"uv":[0,0,16,0],"texture":"#0"},"down":{"uv":[0,0,16,0],"texture":"#0"}}}],"gui_light":"front"}