{"display":{"head":{"rotation":[-8.75,0,0],"translation":[0,-69,6.75]}},"texture_size":[22,17],"textures":{"0":"item/cosmetic/back/cloak/staff","particle":"item/cosmetic/back/cloak/staff"},"elements":[{"from":[0.5,0,8],"to":[15.5,24,9.5],"rotation":{"angle":0,"axis":"x","origin":[6,-16,9]},"faces":{"north":{"uv":[8.72727,0.94118,16,16],"texture":"#0"},"east":{"uv":[8,0.94118,8.72727,16],"texture":"#0"},"south":{"uv":[0.72727,0.94118,8,16],"texture":"#0"},"west":{"uv":[0,0.94118,0.72727,16],"texture":"#0"},"up":{"uv":[0.72727,0,8,0.94118],"rotation":180,"texture":"#0"},"down":{"uv":[8,0,15.27273,0.94118],"rotation":180,"texture":"#0"}}}]}