{"display":{"thirdperson_righthand":{"translation":[0,4,0.5]},"thirdperson_lefthand":{"translation":[0,4,0.5]},"firstperson_righthand":{"rotation":[-26.2,57,30.4],"translation":[-3,15,1.25]},"firstperson_lefthand":{"rotation":[-26.2,57,30.4],"translation":[-3,15,1.25]},"ground":{"scale":[0.75,0.75,0.75]},"gui":{"rotation":[-25,135,0],"translation":[1.5,1.5,0],"scale":[0.95313,0.95313,0.95313]}},"texture_size":[32,32],"textures":{"0":"item/gear/sniper","particle":"item/gear/sniper"},"elements":[{"from":[7.995,2,6.5],"to":[8.005,4,8.5],"rotation":{"angle":0,"axis":"y","origin":[7.9975,3.5,6.75]},"faces":{"north":{"uv":[0,0,0,1],"texture":"#0"},"east":{"uv":[5.5,6.5,4.5,7.5],"texture":"#0"},"south":{"uv":[0,0,0,1],"texture":"#0"},"west":{"uv":[7.5,5,6.5,6],"texture":"#0"},"up":{"uv":[0,1,0,0],"rotation":180,"texture":"#0"},"down":{"uv":[0,0,0,1],"rotation":180,"texture":"#0"}}},{"from":[7.495,1,3.5],"to":[8.495,4,5.5],"rotation":{"angle":0,"axis":"y","origin":[7.9975,3.5,6.75]},"faces":{"north":{"uv":[6.5,7.5,6,9],"texture":"#0"},"east":{"uv":[7.5,0.5,6.5,2],"texture":"#0"},"south":{"uv":[5.5,7.5,5,9],"texture":"#0"},"west":{"uv":[7.5,2.5,6.5,4],"texture":"#0"},"up":{"uv":[7.5,6,8,5],"rotation":180,"texture":"#0"},"down":{"uv":[6.5,7.5,7,8.5],"rotation":180,"texture":"#0"}}},{"from":[7.495,6.5,6.5],"to":[8.495,7.5,13.5],"rotation":{"angle":0,"axis":"y","origin":[7.9975,3.5,6.75]},"faces":{"north":{"uv":[8,3.5,7.5,4],"texture":"#0"},"east":{"uv":[5.5,6,2,6.5],"texture":"#0"},"south":{"uv":[8,1.5,7.5,2],"texture":"#0"},"west":{"uv":[9.5,2,6,2.5],"texture":"#0"},"up":{"uv":[6,6,6.5,2.5],"rotation":180,"texture":"#0"},"down":{"uv":[5.5,6,6,9.5],"rotation":180,"texture":"#0"}}},{"from":[7,0,7.25],"to":[8.98,4,9.25],"rotation":{"angle":-22.5,"axis":"x","origin":[7.9975,4,7.25]},"faces":{"north":{"uv":[3,4,2,6],"texture":"#0"},"east":{"uv":[4,2,3,4],"texture":"#0"},"south":{"uv":[3,2,2,4],"texture":"#0"},"west":{"uv":[5,2,4,4],"texture":"#0"},"up":{"uv":[6,7.5,7,6.5],"rotation":180,"texture":"#0"},"down":{"uv":[7,6.5,8,7.5],"rotation":180,"texture":"#0"}}},{"from":[7.495,5,-5.5],"to":[8.495,6,1.5],"rotation":{"angle":0,"axis":"y","origin":[7.9975,3.5,6.75]},"faces":{"north":{"uv":[8,7.5,7.5,8],"texture":"#0"},"east":{"uv":[9.5,6,6,6.5],"texture":"#0"},"south":{"uv":[7.5,7.5,7,8],"texture":"#0"},"west":{"uv":[10,0,6.5,0.5],"texture":"#0"},"up":{"uv":[2,10,2.5,6.5],"rotation":180,"texture":"#0"},"down":{"uv":[2.5,6.5,3,10],"rotation":180,"texture":"#0"}}},{"from":[7.995,2,11.5],"to":[8.005,4,14.5],"rotation":{"angle":0,"axis":"y","origin":[7.9975,3.5,6.75]},"faces":{"north":{"uv":[0,0,0,1],"texture":"#0"},"east":{"uv":[4.5,6.5,3,7.5],"texture":"#0"},"south":{"uv":[0,0,0,1],"texture":"#0"},"west":{"uv":[8,4,6.5,5],"texture":"#0"},"up":{"uv":[0,1.5,0,0],"rotation":180,"texture":"#0"},"down":{"uv":[0,0,0,1.5],"rotation":180,"texture":"#0"}}},{"from":[6.995,2,14.5],"to":[8.995,6,16.5],"rotation":{"angle":0,"axis":"y","origin":[7.9975,3.5,6.75]},"faces":{"north":{"uv":[6,2,5,4],"texture":"#0"},"east":{"uv":[5,4,4,6],"texture":"#0"},"south":{"uv":[4,4,3,6],"texture":"#0"},"west":{"uv":[6,4,5,6],"texture":"#0"},"up":{"uv":[7.5,1.5,8.5,0.5],"rotation":180,"texture":"#0"},"down":{"uv":[7.5,2.5,8.5,3.5],"rotation":180,"texture":"#0"}}},{"from":[6.995,4,1.5],"to":[8.995,6,14.5],"rotation":{"angle":0,"axis":"y","origin":[7.9975,3.5,6.75]},"faces":{"north":{"uv":[5,7.5,4,8.5],"texture":"#0"},"east":{"uv":[6.5,0,0,1],"texture":"#0"},"south":{"uv":[4,7.5,3,8.5],"texture":"#0"},"west":{"uv":[6.5,1,0,2],"texture":"#0"},"up":{"uv":[0,8.5,1,2],"rotation":180,"texture":"#0"},"down":{"uv":[1,2,2,8.5],"rotation":180,"texture":"#0"}}},{"from":[8,6,10],"to":[8,7,12],"faces":{"north":{"uv":[0,0,0,0.5],"texture":"#0"},"east":{"uv":[0,0,1,0.5],"texture":"#0"},"south":{"uv":[0,0,0,0.5],"texture":"#0"},"west":{"uv":[0,0,1,0.5],"texture":"#0"},"up":{"uv":[0,0,0,1],"texture":"#0"},"down":{"uv":[0,0,0,1],"texture":"#0"}}}]}