{"display":{"thirdperson_righthand":{"translation":[0,3,1],"scale":[0.8,0.8,0.8]},"thirdperson_lefthand":{"translation":[0,3,1],"scale":[0.8,0.8,0.8]},"firstperson_righthand":{"translation":[0,16,0]},"firstperson_lefthand":{"translation":[0,16,0]},"ground":{"translation":[0,4.5,0]},"gui":{"rotation":[165,45,180],"translation":[0.75,2.75,0],"scale":[0.91992,0.91992,0.91992]},"fixed":{"rotation":[-180,90,-180],"translation":[0,2.75,0]}},"texture_size":[32,32],"textures":{"0":"item/gear/ak","particle":"item/gear/ak"},"elements":[{"from":[7,4,1],"to":[9,7,13],"faces":{"north":{"uv":[7,6,8,7.5],"texture":"#0"},"east":{"uv":[0,0,6,1.5],"texture":"#0"},"south":{"uv":[7,7.5,8,9],"texture":"#0"},"west":{"uv":[0,1.5,6,3],"texture":"#0"},"up":{"uv":[1,9,0,3],"texture":"#0"},"down":{"uv":[2,3,1,9],"texture":"#0"}}},{"from":[7.01,0.5,11],"to":[8.99,4.5,13],"rotation":{"angle":-22.5,"axis":"x","origin":[8,4,12]},"faces":{"north":{"uv":[5,6,6,8],"texture":"#0"},"east":{"uv":[6,6,7,8],"texture":"#0"},"south":{"uv":[7,0,8,2],"texture":"#0"},"west":{"uv":[7,2,8,4],"texture":"#0"},"up":{"uv":[3,9,2,8],"texture":"#0"},"down":{"uv":[4,8,3,9],"texture":"#0"}}},{"from":[7.01,4,12.5],"to":[8.99,6,18.5],"rotation":{"angle":22.5,"axis":"x","origin":[8,5,13]},"faces":{"north":{"uv":[8,3,9,4],"texture":"#0"},"east":{"uv":[2,3,5,4],"texture":"#0"},"south":{"uv":[4,8,5,9],"texture":"#0"},"west":{"uv":[2,4,5,5],"texture":"#0"},"up":{"uv":[3,8,2,5],"texture":"#0"},"down":{"uv":[4,5,3,8],"texture":"#0"}}},{"from":[7.5,4,-1],"to":[8.5,7,1],"faces":{"north":{"uv":[6.5,8.5,7,10],"texture":"#0"},"east":{"uv":[8,0,9,1.5],"texture":"#0"},"south":{"uv":[8.5,7.5,9,9],"texture":"#0"},"west":{"uv":[8,1.5,9,3],"texture":"#0"},"up":{"uv":[8.5,9.5,8,8.5],"texture":"#0"},"down":{"uv":[0.5,9,0,10],"texture":"#0"}}},{"from":[7.5,4,-5],"to":[8.5,5,-1],"faces":{"north":{"uv":[9,0,9.5,0.5],"texture":"#0"},"east":{"uv":[5,8,7,8.5],"texture":"#0"},"south":{"uv":[0.5,9,1,9.5],"texture":"#0"},"west":{"uv":[8,6,10,6.5],"texture":"#0"},"up":{"uv":[8.5,8.5,8,6.5],"texture":"#0"},"down":{"uv":[5.5,8.5,5,10.5],"texture":"#0"}}},{"from":[7.01,-1,6],"to":[8.99,5,8],"rotation":{"angle":22.5,"axis":"x","origin":[8,4,7]},"faces":{"north":{"uv":[5,3,6,6],"texture":"#0"},"east":{"uv":[4,5,5,8],"texture":"#0"},"south":{"uv":[6,0,7,3],"texture":"#0"},"west":{"uv":[6,3,7,6],"texture":"#0"},"up":{"uv":[6.5,9.5,5.5,8.5],"texture":"#0"},"down":{"uv":[9.5,6.5,8.5,7.5],"texture":"#0"}}},{"from":[8,2,8],"to":[8,4,12],"faces":{"north":{"uv":[0,0,0,1],"texture":"#0"},"east":{"uv":[7,4,9,5],"texture":"#0"},"south":{"uv":[0,0,0,1],"texture":"#0"},"west":{"uv":[7,5,9,6],"texture":"#0"},"up":{"uv":[0,2,0,0],"texture":"#0"},"down":{"uv":[0,0,0,2],"texture":"#0"}}}]}