{"display":{"thirdperson_righthand":{"rotation":[35.5,90,0],"translation":[0,4.75,0.75],"scale":[0.7,0.7,0.7]},"thirdperson_lefthand":{"rotation":[35.5,-90,0],"translation":[0,4.75,0.75],"scale":[0.7,0.7,0.7]},"firstperson_righthand":{"rotation":[-174.01,72.85,168.34],"translation":[4.75,4.25,-6],"scale":[0.89,0.89,0.89]},"firstperson_lefthand":{"rotation":[-174.01,72.85,168.34],"translation":[4.75,4.25,-6],"scale":[0.89,0.89,0.89]},"ground":{"translation":[0,4.75,0]},"gui":{"rotation":[30,135,0],"translation":[0,2,0]}},"textures":{"0":"item/entities/candle","particle":"item/entities/candle"},"elements":[{"from":[4,0,4],"to":[12,0,12],"rotation":{"angle":0,"axis":"y","origin":[7,0,7]},"faces":{"north":{"uv":[0,0,4,0],"texture":"#0"},"east":{"uv":[0,0,4,0],"texture":"#0"},"south":{"uv":[0,0,4,0],"texture":"#0"},"west":{"uv":[0,0,4,0],"texture":"#0"},"up":{"uv":[4,4,0,0],"texture":"#0"},"down":{"uv":[4,4,0,8],"texture":"#0"}}},{"from":[4,0,12],"to":[12,1,12],"rotation":{"angle":0,"axis":"y","origin":[7,0,7]},"faces":{"north":{"uv":[7,8,11,8.5],"texture":"#0"},"east":{"uv":[0,0,0,0.5],"texture":"#0"},"south":{"uv":[8.5,5,12.5,5.5],"texture":"#0"},"west":{"uv":[0,0,0,0.5],"texture":"#0"},"up":{"uv":[4,0,0,0],"texture":"#0"},"down":{"uv":[4,0,0,0],"texture":"#0"}}},{"from":[4,0,4],"to":[12,1,4],"rotation":{"angle":0,"axis":"y","origin":[7,0,-1]},"faces":{"north":{"uv":[8.5,5.5,12.5,6],"texture":"#0"},"east":{"uv":[0,0,0,0.5],"texture":"#0"},"south":{"uv":[8.5,6,12.5,6.5],"texture":"#0"},"west":{"uv":[0,0,0,0.5],"texture":"#0"},"up":{"uv":[4,0,0,0],"texture":"#0"},"down":{"uv":[4,0,0,0],"texture":"#0"}}},{"from":[12,0,4],"to":[12,1,12],"rotation":{"angle":0,"axis":"y","origin":[7,0,-1]},"faces":{"north":{"uv":[0,0,0,0.5],"texture":"#0"},"east":{"uv":[8.5,6.5,12.5,7],"texture":"#0"},"south":{"uv":[0,0,0,0.5],"texture":"#0"},"west":{"uv":[7,8.5,11,9],"texture":"#0"},"up":{"uv":[0,4,0,0],"texture":"#0"},"down":{"uv":[0,0,0,4],"texture":"#0"}}},{"from":[4,0,4],"to":[4,1,12],"rotation":{"angle":0,"axis":"y","origin":[-1,0,-1]},"faces":{"north":{"uv":[0,0,0,0.5],"texture":"#0"},"east":{"uv":[8.5,7,12.5,7.5],"texture":"#0"},"south":{"uv":[0,0,0,0.5],"texture":"#0"},"west":{"uv":[8.5,7.5,12.5,8],"texture":"#0"},"up":{"uv":[0,4,0,0],"texture":"#0"},"down":{"uv":[0,0,0,4],"texture":"#0"}}},{"from":[2,0,8],"to":[5,3,8],"rotation":{"angle":0,"axis":"y","origin":[0,0,-1]},"faces":{"north":{"uv":[0,8,1.5,9.5],"texture":"#0"},"east":{"uv":[0,0,0,1.5],"texture":"#0"},"south":{"uv":[1.5,8,3,9.5],"texture":"#0"},"west":{"uv":[0,0,0,1.5],"texture":"#0"},"up":{"uv":[1.5,0,0,0],"texture":"#0"},"down":{"uv":[1.5,0,0,0],"texture":"#0"}}},{"from":[6.5,2,6.5],"to":[9.5,12,9.5],"rotation":{"angle":0,"axis":"y","origin":[6.5,3,7.5]},"faces":{"north":{"uv":[5.5,0,7,5],"texture":"#0"},"east":{"uv":[4,5,5.5,10],"texture":"#0"},"south":{"uv":[5.5,5,7,10],"texture":"#0"},"west":{"uv":[4,0,5.5,5],"texture":"#0"},"up":{"uv":[8.5,6.5,7,5],"texture":"#0"},"down":{"uv":[8.5,6.5,7,8],"texture":"#0"}}},{"from":[7.5,12,8],"to":[8.5,15,8],"rotation":{"angle":0,"axis":"y","origin":[6.5,3,7]},"faces":{"north":{"uv":[7,9,7.5,10.5],"texture":"#0"},"east":{"uv":[0,0,0,1],"texture":"#0"},"south":{"uv":[7.5,9,8,10.5],"texture":"#0"},"west":{"uv":[0,0,0,1],"texture":"#0"},"up":{"uv":[0.5,0,0,0],"texture":"#0"},"down":{"uv":[0.5,0,0,0],"texture":"#0"}}},{"from":[5.5,5,5.5],"to":[10.5,5,10.5],"rotation":{"angle":0,"axis":"y","origin":[6.5,3,7.5]},"faces":{"north":{"uv":[0,0,2.5,0],"texture":"#0"},"east":{"uv":[0,0,2.5,0],"texture":"#0"},"south":{"uv":[0,0,2.5,0],"texture":"#0"},"west":{"uv":[0,0,2.5,0],"texture":"#0"},"up":{"uv":[9.5,2.5,7,0],"texture":"#0"},"down":{"uv":[9.5,2.5,7,5],"texture":"#0"}}},{"from":[7.5,0,7.5],"to":[8.5,2,8.5],"rotation":{"angle":0,"axis":"y","origin":[6.5,0,7.5]},"faces":{"north":{"uv":[3,8,3.5,9],"texture":"#0"},"east":{"uv":[3.5,8,4,9],"texture":"#0"},"south":{"uv":[3,9,3.5,10],"texture":"#0"},"west":{"uv":[3.5,9,4,10],"texture":"#0"},"up":{"uv":[8.5,9.5,8,9],"texture":"#0"},"down":{"uv":[9,9,8.5,9.5],"texture":"#0"}}}]}