{"display":{"thirdperson_righthand":{"rotation":[90,0,0],"translation":[0,-2,7.5],"scale":[0,0,0]},"thirdperson_lefthand":{"scale":[0,0,0]},"firstperson_righthand":{"rotation":[93.21,64.44,44.4],"translation":[1.5,-3.75,-0.75]},"firstperson_lefthand":{"rotation":[133.33,-29.98,10.36],"translation":[3.5,-3.5,-1.25]},"gui":{"rotation":[-127,18,-47],"translation":[3.25,-3,0],"scale":[1.31,1.31,1.31]}},"texture_size":[64,64],"textures":{"0":"item/entities/inferno"},"elements":[{"name":"Right Arm","from":[6,0,6],"to":[10,9,10],"rotation":{"angle":0,"axis":"y","origin":[8,3,8]},"faces":{"north":{"uv":[11,5.75,12,8],"texture":"#0"},"east":{"uv":[10,5.75,11,8],"texture":"#0"},"south":{"uv":[13,5.75,14,8],"texture":"#0"},"west":{"uv":[12,5.75,13,8],"texture":"#0"},"up":{"uv":[13,5,12,4],"texture":"#0"},"down":{"uv":[12,4,11,5],"texture":"#0"}}},{"name":"Right Arm Layer","from":[5.75,-0.25,5.75],"to":[10.25,9.25,10.25],"rotation":{"angle":0,"axis":"y","origin":[8,6,8]},"faces":{"north":{"uv":[11,9.75,12,12],"texture":"#0"},"east":{"uv":[10,9.75,11,12],"texture":"#0"},"south":{"uv":[13,9.75,14,12],"texture":"#0"},"west":{"uv":[12,9.75,13,12],"texture":"#0"},"up":{"uv":[13,8,12,7],"texture":"#0"},"down":{"uv":[12,8,11,9],"texture":"#0"}}}]}