{"display":{"thirdperson_righthand":{"rotation":[3.18,2.33,1.93],"translation":[0,2.75,-2.5]},"thirdperson_lefthand":{"rotation":[3.2,4.91,4.32],"translation":[0.75,2.75,-2.5]},"firstperson_righthand":{"rotation":[-0.43,-2.84,-2.14],"translation":[-1.37,12.45,1.13]},"firstperson_lefthand":{"rotation":[10.2,3.48,-12],"translation":[-1.12,12.45,1.13]},"ground":{"translation":[0,2.75,0]},"gui":{"rotation":[-166.43,53.97,-174.11],"translation":[0.5,1.25,0],"scale":[0.91992,0.91992,0.91992]},"fixed":{"rotation":[0,180,0]}},"texture_size":[32,32],"textures":{"0":"item/gear/megalodon","particle":"item/gear/megalodon"},"elements":[{"from":[6.125,2.5,6.25],"to":[11.125,4.5,10.25],"rotation":{"angle":-45,"axis":"z","origin":[8.5,3.5,8.25]},"faces":{"north":{"uv":[8,1.5,10.5,2.5],"texture":"#0"},"east":{"uv":[10.5,9,12.5,10],"texture":"#0"},"south":{"uv":[7.5,8.5,10,9.5],"texture":"#0"},"west":{"uv":[10.5,7,12.5,8],"texture":"#0"},"up":{"uv":[6,5.5,4,3],"rotation":270,"texture":"#0"},"down":{"uv":[6,5.5,4,8],"rotation":90,"texture":"#0"}}},{"from":[7.625,1,6.25],"to":[9.625,6,10.25],"rotation":{"angle":-45,"axis":"z","origin":[8.5,3.5,8.25]},"faces":{"north":{"uv":[2,8.5,3,11],"texture":"#0"},"east":{"uv":[2,6,4,8.5],"texture":"#0"},"south":{"uv":[3,8.5,4,11],"texture":"#0"},"west":{"uv":[0,6,2,8.5],"texture":"#0"},"up":{"uv":[12.5,11,10.5,10],"rotation":270,"texture":"#0"},"down":{"uv":[4,11,2,12],"rotation":90,"texture":"#0"}}},{"from":[7.75,2,6.24],"to":[9.75,5,6.24],"rotation":{"angle":0,"axis":"y","origin":[8.75,6.28701,7.5]},"faces":{"north":{"uv":[7,11.5,8,13],"texture":"#0"},"east":{"uv":[0,0,0,1.5],"texture":"#0"},"south":{"uv":[8,11.5,9,13],"texture":"#0"},"west":{"uv":[0,0,0,1.5],"texture":"#0"},"up":{"uv":[0,1,0,0],"rotation":270,"texture":"#0"},"down":{"uv":[0,0,0,1],"rotation":90,"texture":"#0"}}},{"from":[7.75,9,13.25],"to":[9.75,9,16.25],"rotation":{"angle":-22.5,"axis":"x","origin":[8.75,9,13.25]},"faces":{"north":{"uv":[0,0,1,0],"texture":"#0"},"east":{"uv":[0,0,1.5,0],"texture":"#0"},"south":{"uv":[0,0,1,0],"texture":"#0"},"west":{"uv":[0,0,1.5,0],"texture":"#0"},"up":{"uv":[1.5,12.5,0,11.5],"rotation":270,"texture":"#0"},"down":{"uv":[13,0,11.5,1],"rotation":90,"texture":"#0"}}},{"from":[8.75,3,11.25],"to":[8.75,5,14.25],"rotation":{"angle":0,"axis":"y","origin":[8.75,6.28701,7.5]},"faces":{"north":{"uv":[0,0,0,1],"texture":"#0"},"east":{"uv":[10.5,11,12,12],"texture":"#0"},"south":{"uv":[0,0,0,1],"texture":"#0"},"west":{"uv":[4,11,5.5,12],"texture":"#0"},"up":{"uv":[1.5,0,0,0],"rotation":270,"texture":"#0"},"down":{"uv":[1.5,0,0,0],"rotation":90,"texture":"#0"}}},{"from":[7.75,-0.48515,14.49367],"to":[9.75,5.51485,16.49367],"rotation":{"angle":-22.5,"axis":"x","origin":[8.75,2.51485,15.24367]},"faces":{"north":{"uv":[5,8,6,11],"texture":"#0"},"east":{"uv":[0,8.5,1,11.5],"texture":"#0"},"south":{"uv":[1,8.5,2,11.5],"texture":"#0"},"west":{"uv":[4,8,5,11],"texture":"#0"},"up":{"uv":[3.5,13,2.5,12],"rotation":270,"texture":"#0"},"down":{"uv":[13,3,12,4],"rotation":90,"texture":"#0"}}},{"from":[7.75,5,13.25],"to":[9.75,8,17.25],"rotation":{"angle":0,"axis":"y","origin":[8.75,6.28701,7.5]},"faces":{"north":{"uv":[6,10.5,7,12],"texture":"#0"},"east":{"uv":[8,0,10,1.5],"texture":"#0"},"south":{"uv":[11,2,12,3.5],"texture":"#0"},"west":{"uv":[7.5,7,9.5,8.5],"texture":"#0"},"up":{"uv":[12.5,6,10.5,5],"rotation":270,"texture":"#0"},"down":{"uv":[12.5,6,10.5,7],"rotation":90,"texture":"#0"}}},{"from":[7.75,1,2.25],"to":[9.75,5,4.25],"rotation":{"angle":0,"axis":"y","origin":[8.75,6.28701,7.5]},"faces":{"north":{"uv":[9.5,6,10.5,8],"texture":"#0"},"east":{"uv":[7.5,9.5,8.5,11.5],"texture":"#0"},"south":{"uv":[8.5,9.5,9.5,11.5],"texture":"#0"},"west":{"uv":[9.5,4,10.5,6],"texture":"#0"},"up":{"uv":[2.5,13,1.5,12],"rotation":270,"texture":"#0"},"down":{"uv":[13,2,12,3],"rotation":90,"texture":"#0"}}},{"from":[7.25,5.5,-0.75],"to":[10.25,8.5,0.25],"rotation":{"angle":0,"axis":"y","origin":[8.75,6.28701,7.5]},"faces":{"north":{"uv":[6,9,7.5,10.5],"texture":"#0"},"east":{"uv":[5.5,11,6,12.5],"texture":"#0"},"south":{"uv":[9.5,2.5,11,4],"texture":"#0"},"west":{"uv":[10,0,10.5,1.5],"texture":"#0"},"up":{"uv":[10.5,13,10,11.5],"rotation":270,"texture":"#0"},"down":{"uv":[4,12,3.5,13.5],"rotation":90,"texture":"#0"}}},{"from":[7.75,6,0.25],"to":[9.75,8,1.25],"rotation":{"angle":0,"axis":"y","origin":[8.75,6.28701,7.5]},"faces":{"north":{"uv":[11.5,1,12.5,2],"texture":"#0"},"east":{"uv":[4,12,4.5,13],"texture":"#0"},"south":{"uv":[9,11.5,10,12.5],"texture":"#0"},"west":{"uv":[7,10.5,7.5,11.5],"texture":"#0"},"up":{"uv":[5,13,4.5,12],"rotation":270,"texture":"#0"},"down":{"uv":[5.5,12,5,13],"rotation":90,"texture":"#0"}}},{"from":[7.25,5,1.25],"to":[10.25,11,9.25],"rotation":{"angle":0,"axis":"y","origin":[8.75,6.28701,7.5]},"faces":{"north":{"uv":[6,3,7.5,6],"texture":"#0"},"east":{"uv":[0,3,4,6],"texture":"#0"},"south":{"uv":[6,6,7.5,9],"texture":"#0"},"west":{"uv":[0,0,4,3],"texture":"#0"},"up":{"uv":[8,1.5,4,0],"rotation":270,"texture":"#0"},"down":{"uv":[8,1.5,4,3],"rotation":90,"texture":"#0"}}},{"from":[7.75,5,9.25],"to":[9.75,9,13.25],"rotation":{"angle":0,"axis":"y","origin":[8.75,6.28701,7.5]},"faces":{"north":{"uv":[9.5,9.5,10.5,11.5],"texture":"#0"},"east":{"uv":[7.5,5,9.5,7],"texture":"#0"},"south":{"uv":[10.5,0,11.5,2],"texture":"#0"},"west":{"uv":[7.5,3,9.5,5],"texture":"#0"},"up":{"uv":[12,9,10,8],"rotation":270,"texture":"#0"},"down":{"uv":[12.5,4,10.5,5],"rotation":90,"texture":"#0"}}}]}