{"display":{"thirdperson_righthand":{"rotation":[-121.26,3.24,-179.48],"translation":[0.75,2,17],"scale":[0.80469,0.80469,0.80469]},"thirdperson_lefthand":{"rotation":[76.25,0,0],"translation":[-0.25,-2.5,-1.25],"scale":[0.80469,0.80469,0.80469]},"firstperson_righthand":{"rotation":[-2.68,7.74,6.82],"translation":[0,9.5,0]},"firstperson_lefthand":{"rotation":[-177.41,12.19,177.08],"translation":[0,9.5,0]},"ground":{"translation":[0,4.75,0]},"gui":{"rotation":[27.55,52.27,-10.06],"translation":[0,2.5,0],"scale":[0.9,0.9,0.9]},"head":{"rotation":[-180,-8.75,-180],"translation":[10.5,0,0]}},"texture_size":[64,64],"textures":{"0":"item/other/boombox","particle":"item/other/boombox"},"elements":[{"from":[6,0,1],"to":[12,8,15],"faces":{"north":{"uv":[5,0,6.5,2],"texture":"#0"},"east":{"uv":[0,0,3.5,2],"texture":"#0"},"south":{"uv":[5,2,6.5,4],"texture":"#0"},"west":{"uv":[0,2,3.5,4],"texture":"#0"},"up":{"uv":[5,3.5,3.5,0],"texture":"#0"},"down":{"uv":[5,3.5,3.5,7],"texture":"#0"}}},{"from":[5.75,-0.25,0.75],"to":[12.25,1.25,15.25],"faces":{"north":{"uv":[6.5,1.5,8,1.75],"texture":"#0"},"east":{"uv":[6.5,1,10,1.25],"texture":"#0"},"south":{"uv":[6.5,1.75,8,2],"texture":"#0"},"west":{"uv":[6.5,1.25,10,1.5],"texture":"#0"},"up":{"uv":[1.5,7.5,0,4],"texture":"#0"},"down":{"uv":[3,4,1.5,7.5],"texture":"#0"}}},{"from":[5,2,2],"to":[6,6,6],"faces":{"north":{"uv":[6.5,4.25,6.75,5.25],"texture":"#0"},"east":{"uv":[5.5,4,6.5,5],"texture":"#0"},"south":{"uv":[5,6.5,5.25,7.5],"texture":"#0"},"west":{"uv":[5.5,5,6.5,6],"texture":"#0"},"up":{"uv":[5.5,7.5,5.25,6.5],"texture":"#0"},"down":{"uv":[6.75,5.25,6.5,6.25],"texture":"#0"}}},{"from":[5,2,10],"to":[6,6,14],"faces":{"north":{"uv":[6.5,6.25,6.75,7.25],"texture":"#0"},"east":{"uv":[5.5,6,6.5,7],"texture":"#0"},"south":{"uv":[6.75,4.25,7,5.25],"texture":"#0"},"west":{"uv":[6.5,0,7.5,1],"texture":"#0"},"up":{"uv":[7,6.25,6.75,5.25],"texture":"#0"},"down":{"uv":[7,6.25,6.75,7.25],"texture":"#0"}}},{"from":[8,8,3],"to":[10,11,3],"faces":{"north":{"uv":[6.5,2,7,2.75],"texture":"#0"},"east":{"uv":[0,0,0,0.75],"texture":"#0"},"south":{"uv":[6.5,2.75,7,3.5],"texture":"#0"},"west":{"uv":[0,0,0,0.75],"texture":"#0"},"up":{"uv":[0.5,0,0,0],"texture":"#0"},"down":{"uv":[0.5,0,0,0],"texture":"#0"}}},{"from":[8,8,13],"to":[10,11,13],"faces":{"north":{"uv":[3,6.5,3.5,7.25],"texture":"#0"},"east":{"uv":[0,0,0,0.75],"texture":"#0"},"south":{"uv":[6.5,3.5,7,4.25],"texture":"#0"},"west":{"uv":[0,0,0,0.75],"texture":"#0"},"up":{"uv":[0.5,0,0,0],"texture":"#0"},"down":{"uv":[0.5,0,0,0],"texture":"#0"}}},{"from":[8,11,3],"to":[10,11,13],"faces":{"north":{"uv":[0,0,0.5,0],"texture":"#0"},"east":{"uv":[0,0,2.5,0],"texture":"#0"},"south":{"uv":[0,0,0.5,0],"texture":"#0"},"west":{"uv":[0,0,2.5,0],"texture":"#0"},"up":{"uv":[3.5,6.5,3,4],"texture":"#0"},"down":{"uv":[5.5,4,5,6.5],"texture":"#0"}}}]}