{"display":{"thirdperson_righthand":{"translation":[0,8.75,0]},"gui":{"rotation":[84,136,0],"translation":[0.75,1,0]},"head":{"translation":[0,-13,0],"scale":[4,4,4]}},"texture_size":[32,32],"textures":{"0":"item/other/pentagram","particle":"item/other/pentagram"},"elements":[{"from":[0,16,0],"to":[16,16,16],"rotation":{"angle":0,"axis":"y","origin":[8,0,8]},"faces":{"north":{"uv":[0,0,1,0.5],"texture":"#0"},"east":{"uv":[0,0,1,0.5],"texture":"#0"},"south":{"uv":[0,0,1,0.5],"texture":"#0"},"west":{"uv":[0,0,1,0.5],"texture":"#0"},"up":{"uv":[0,0,16,16],"texture":"#0"},"down":{"uv":[0,0,1,0.5],"texture":"#0"}}}]}