{"display":{"head":{"rotation":[-68.75,90,0],"translation":[0,8.25,-1.25],"scale":[1.6,1.6,1.6]}},"texture_size":[64,64],"textures":{"2":"item/maw_stuff"},"elements":[{"from":[2.5,3,4],"to":[2.5,11,12],"rotation":{"angle":-45,"axis":"z","origin":[8.5,5,8]},"faces":{"north":{"uv":[6,2,8,4],"texture":"#2"},"east":{"uv":[6,0,4,2],"rotation":180,"texture":"#2"},"south":{"uv":[2,2,4,4],"texture":"#2"},"west":{"uv":[0,2,2,4],"texture":"#2"},"up":{"uv":[4,2,2,0],"rotation":180,"texture":"#2"},"down":{"uv":[6,0,4,2],"rotation":180,"texture":"#2"}}},{"from":[2.5,3,4],"to":[10.9,3.2,12],"rotation":{"angle":-45,"axis":"z","origin":[8.5,5,8]},"faces":{"north":{"uv":[6,2,8,4],"rotation":90,"texture":"#2"},"east":{"uv":[6,0,4,2],"rotation":90,"texture":"#2"},"south":{"uv":[2,2,4,4],"rotation":270,"texture":"#2"},"west":{"uv":[4,2,2,0],"rotation":90,"texture":"#2"},"up":{"uv":[6,0,4,2],"rotation":90,"texture":"#2"},"down":{"uv":[0,2,2,4],"rotation":270,"texture":"#2"}}},{"from":[2.5,11,4],"to":[5.5,11,12],"rotation":{"angle":-45,"axis":"z","origin":[8.5,5,8]},"faces":{"north":{"uv":[6,2,8,4],"rotation":270,"texture":"#2"},"east":{"uv":[5.75,4,3.75,2],"rotation":270,"texture":"#2"},"south":{"uv":[2,2,4,4],"rotation":90,"texture":"#2"},"west":{"uv":[6,2,4,4],"rotation":270,"texture":"#2"},"up":{"uv":[2,2,2.75,0],"texture":"#2"},"down":{"uv":[2,2,2.75,0],"texture":"#2"}}},{"from":[6.5,4.2,4],"to":[6.5,11,12],"rotation":{"angle":0,"axis":"z","origin":[8.5,5,8]},"faces":{"north":{"uv":[6,2,8,4],"texture":"#2"},"east":{"uv":[4,5.25,2,7.25],"rotation":180,"texture":"#2"},"south":{"uv":[2,2,4,4],"texture":"#2"},"west":{"uv":[0,2,2,4],"texture":"#2"},"up":{"uv":[4,2,2,0],"rotation":180,"texture":"#2"},"down":{"uv":[6,0,4,2],"rotation":180,"texture":"#2"}}},{"from":[2.5,3,4],"to":[8.5,7,4],"rotation":{"angle":-45,"axis":"z","origin":[8.5,5,8]},"faces":{"north":{"uv":[6.5,3,8,4],"texture":"#2"},"east":{"uv":[4,2,6,4],"texture":"#2"},"south":{"uv":[8,3,6.5,4],"texture":"#2"},"west":{"uv":[0,2,2,4],"texture":"#2"},"up":{"uv":[4,2,2,0],"rotation":180,"texture":"#2"},"down":{"uv":[6,0,4,2],"rotation":180,"texture":"#2"}}},{"from":[8.5,3.1,4],"to":[10.9,4,4],"rotation":{"angle":-45,"axis":"z","origin":[8.5,5,8]},"faces":{"north":{"uv":[6,3.75,6.5,4],"texture":"#2"},"east":{"uv":[4,2,6,4],"texture":"#2"},"south":{"uv":[6,3.75,6.5,4],"texture":"#2"},"west":{"uv":[0,2,2,4],"texture":"#2"},"up":{"uv":[4,2,2,0],"rotation":180,"texture":"#2"},"down":{"uv":[6,0,4,2],"rotation":180,"texture":"#2"}}},{"from":[2.5,7,4],"to":[6.5,11,4],"rotation":{"angle":-45,"axis":"z","origin":[8.5,5,8]},"faces":{"north":{"uv":[7,2,8,3],"texture":"#2"},"east":{"uv":[4,2,6,4],"texture":"#2"},"south":{"uv":[8,2,7,3],"texture":"#2"},"west":{"uv":[0,2,2,4],"texture":"#2"},"up":{"uv":[4,2,2,0],"rotation":180,"texture":"#2"},"down":{"uv":[6,0,4,2],"rotation":180,"texture":"#2"}}},{"from":[2.5,3,12],"to":[8.5,7,12],"rotation":{"angle":-45,"axis":"z","origin":[8.5,5,8]},"faces":{"north":{"uv":[6.5,3,8,4],"texture":"#2"},"east":{"uv":[4,2,6,4],"texture":"#2"},"south":{"uv":[2,3,3.5,4],"texture":"#2"},"west":{"uv":[0,2,2,4],"texture":"#2"},"up":{"uv":[4,2,2,0],"rotation":180,"texture":"#2"},"down":{"uv":[6,0,4,2],"rotation":180,"texture":"#2"}}},{"from":[2.5,7,12],"to":[6.5,11,12],"rotation":{"angle":-45,"axis":"z","origin":[8.5,5,8]},"faces":{"north":{"uv":[7,2,8,3],"texture":"#2"},"east":{"uv":[4,2,6,4],"texture":"#2"},"south":{"uv":[2,2,3,3],"texture":"#2"},"west":{"uv":[0,2,2,4],"texture":"#2"},"up":{"uv":[4,2,2,0],"rotation":180,"texture":"#2"},"down":{"uv":[6,0,4,2],"rotation":180,"texture":"#2"}}},{"from":[8.5,3,12],"to":[11,4,12],"rotation":{"angle":-45,"axis":"z","origin":[8.5,5,8]},"faces":{"north":{"uv":[6,3.75,6.5,4],"texture":"#2"},"east":{"uv":[4,2,6,4],"texture":"#2"},"south":{"uv":[3.5,3.75,4,4],"texture":"#2"},"west":{"uv":[0,2,2,4],"texture":"#2"},"up":{"uv":[4,2,2,0],"rotation":180,"texture":"#2"},"down":{"uv":[6,0,4,2],"rotation":180,"texture":"#2"}}},{"from":[15.5,3,4],"to":[15.5,11,12],"rotation":{"angle":-22.5,"axis":"z","origin":[6.5,4,8]},"faces":{"north":{"uv":[2,2,4,4],"texture":"#2"},"east":{"uv":[0,2,2,4],"texture":"#2"},"south":{"uv":[6,2,8,4],"texture":"#2"},"west":{"uv":[6,0,4,2],"rotation":180,"texture":"#2"},"up":{"uv":[4,2,2,0],"texture":"#2"},"down":{"uv":[6,0,4,2],"texture":"#2"}}},{"from":[9.5,3,4],"to":[15.5,3,12],"rotation":{"angle":-22.5,"axis":"z","origin":[6.5,4,8]},"faces":{"north":{"uv":[2,2,4,4],"rotation":270,"texture":"#2"},"east":{"uv":[4,2,2,0],"rotation":90,"texture":"#2"},"south":{"uv":[6,2,8,4],"rotation":90,"texture":"#2"},"west":{"uv":[6,0,4,2],"rotation":90,"texture":"#2"},"up":{"uv":[6,0,4,2],"rotation":270,"texture":"#2"},"down":{"uv":[0,2,2,4],"rotation":90,"texture":"#2"}}},{"from":[12.5,11,4],"to":[15.5,11,12],"rotation":{"angle":-22.5,"axis":"z","origin":[6.5,4,8]},"faces":{"north":{"uv":[2,2,4,4],"rotation":90,"texture":"#2"},"east":{"uv":[6,2,4,4],"rotation":270,"texture":"#2"},"south":{"uv":[6,2,8,4],"rotation":270,"texture":"#2"},"west":{"uv":[5.75,4,3.75,2],"rotation":270,"texture":"#2"},"up":{"uv":[2,2,2.75,0],"rotation":180,"texture":"#2"},"down":{"uv":[2,2,2.75,0],"rotation":180,"texture":"#2"}}},{"from":[9,1,4],"to":[15.5,1,12],"rotation":{"angle":22.5,"axis":"z","origin":[6.5,4,8]},"faces":{"north":{"uv":[2,2,4,4],"rotation":270,"texture":"#2"},"east":{"uv":[4,2,2,0],"rotation":90,"texture":"#2"},"south":{"uv":[6,2,8,4],"rotation":90,"texture":"#2"},"west":{"uv":[6,0,4,2],"rotation":90,"texture":"#2"},"up":{"uv":[4,5.25,2,7.25],"rotation":270,"texture":"#2"},"down":{"uv":[0,2,2,4],"rotation":90,"texture":"#2"}}},{"from":[9.5,3,12],"to":[15.5,7,12],"rotation":{"angle":-22.5,"axis":"z","origin":[6.5,4,8]},"faces":{"north":{"uv":[8,3,6.5,4],"texture":"#2"},"east":{"uv":[0,2,2,4],"texture":"#2"},"south":{"uv":[6.5,3,8,4],"texture":"#2"},"west":{"uv":[4,2,6,4],"texture":"#2"},"up":{"uv":[4,2,2,0],"texture":"#2"},"down":{"uv":[6,0,4,2],"texture":"#2"}}},{"from":[11.5,7,12],"to":[15.5,11,12],"rotation":{"angle":-22.5,"axis":"z","origin":[6.5,4,8]},"faces":{"north":{"uv":[8,2,7,3],"texture":"#2"},"east":{"uv":[0,2,2,4],"texture":"#2"},"south":{"uv":[7,2,8,3],"texture":"#2"},"west":{"uv":[4,2,6,4],"texture":"#2"},"up":{"uv":[4,2,2,0],"texture":"#2"},"down":{"uv":[6,0,4,2],"texture":"#2"}}},{"from":[9.5,3,4],"to":[15.5,7,4],"rotation":{"angle":-22.5,"axis":"z","origin":[6.5,4,8]},"faces":{"north":{"uv":[2,3,3.5,4],"texture":"#2"},"east":{"uv":[0,2,2,4],"texture":"#2"},"south":{"uv":[6.5,3,8,4],"texture":"#2"},"west":{"uv":[4,2,6,4],"texture":"#2"},"up":{"uv":[4,2,2,0],"texture":"#2"},"down":{"uv":[6,0,4,2],"texture":"#2"}}},{"from":[11.5,7,4],"to":[15.5,11,4],"rotation":{"angle":-22.5,"axis":"z","origin":[6.5,4,8]},"faces":{"north":{"uv":[2,2,3,3],"texture":"#2"},"east":{"uv":[0,2,2,4],"texture":"#2"},"south":{"uv":[7,2,8,3],"texture":"#2"},"west":{"uv":[4,2,6,4],"texture":"#2"},"up":{"uv":[4,2,2,0],"texture":"#2"},"down":{"uv":[6,0,4,2],"texture":"#2"}}},{"from":[5.5,5,4],"to":[10.5,5,12],"rotation":{"angle":-45,"axis":"z","origin":[6.5,4,8]},"faces":{"north":{"uv":[2,2,4,4],"rotation":270,"texture":"#2"},"east":{"uv":[4,2,2,0],"rotation":90,"texture":"#2"},"south":{"uv":[6,2,8,4],"rotation":90,"texture":"#2"},"west":{"uv":[6,0,4,2],"rotation":90,"texture":"#2"},"up":{"uv":[4,5.25,2,7.25],"rotation":270,"texture":"#2"},"down":{"uv":[0,2,2,4],"rotation":90,"texture":"#2"}}}]}