{"display":{"thirdperson_righthand":{"rotation":[90,0,0],"translation":[-0.5,-2,-3.25]},"thirdperson_lefthand":{"rotation":[90,0,0],"translation":[0.5,-2,-3.25]},"firstperson_righthand":{"rotation":[117.11,-24.92,-2.2],"translation":[5,4.5,-9]},"firstperson_lefthand":{"rotation":[117.11,-24.92,-2.2],"translation":[5,4.5,-9]},"gui":{"rotation":[77.24,38.54,97.98],"translation":[1.75,0,0],"scale":[0.8,0.8,0.8]},"fixed":{"rotation":[-180,79.25,-180]}},"texture_size":[64,64],"textures":{"1":"item/entities/maw_full","2":"item/entities/maw_stuff","particle":"item/entities/maw_full"},"elements":[{"from":[9.7,1,2.5],"to":[9.7,19,8.5],"rotation":{"angle":-22.5,"axis":"y","origin":[8.7,10,5.5]},"faces":{"north":{"uv":[1.25,9,1.25,10],"rotation":180,"texture":"#2"},"east":{"uv":[1,10.5,7,12.75],"rotation":90,"texture":"#2"},"south":{"uv":[1.25,10,1.25,9],"texture":"#2"},"west":{"uv":[1,12.75,7,10.5],"rotation":90,"texture":"#2"},"up":{"uv":[1.25,10,1.25,11.75],"rotation":180,"texture":"#2"},"down":{"uv":[2.25,10,2.25,11.75],"texture":"#2"}}},{"from":[8.5,11,7],"to":[8.75,16,9],"rotation":{"angle":0,"axis":"y","origin":[-5,-6,0]},"faces":{"north":{"uv":[11.5,5.25,11.5,6.5],"texture":"#1"},"east":{"uv":[11,5.25,11.5,6.5],"texture":"#1"},"south":{"uv":[12,5.25,12,6.5],"texture":"#1"},"west":{"uv":[11.5,5.25,12,6.5],"texture":"#1"},"up":{"uv":[11.5,5.25,11.5,4.75],"texture":"#1"},"down":{"uv":[11.5,4.75,11.5,5.25],"texture":"#1"}}},{"from":[7.5,12,6.5],"to":[9.5,15,9.5],"rotation":{"angle":0,"axis":"y","origin":[-5,-6,0]},"faces":{"north":{"uv":[11,6.5,11.5,7.25],"texture":"#1"},"east":{"uv":[10.25,6.5,11,7.25],"texture":"#1"},"south":{"uv":[12.25,6.5,12.75,7.25],"texture":"#1"},"west":{"uv":[11.5,6.5,12.25,7.25],"texture":"#1"},"up":{"uv":[11.5,6.5,11,5.75],"texture":"#1"},"down":{"uv":[12,5.75,11.5,6.5],"texture":"#1"}}},{"from":[7,15,6],"to":[10,20,10],"rotation":{"angle":0,"axis":"y","origin":[-5,-6,0]},"faces":{"north":{"uv":[10.75,5.75,11.5,7],"texture":"#1"},"east":{"uv":[9.75,5.75,10.75,7],"texture":"#1"},"south":{"uv":[12.5,5.75,13.25,7],"texture":"#1"},"west":{"uv":[11.5,5.75,12.5,7],"texture":"#1"},"up":{"uv":[11.5,5.75,10.75,4.75],"texture":"#1"},"down":{"uv":[12.25,4.75,11.5,5.75],"texture":"#1"}}}]}