{"display":{"thirdperson_righthand":{"rotation":[90,0,0],"translation":[-2.25,3.5,6],"scale":[0.7,0.7,0.7]},"thirdperson_lefthand":{"rotation":[90,0,0],"translation":[-2.25,3.5,6],"scale":[0.7,0.7,0.7]},"firstperson_righthand":{"rotation":[69.21,11.24,15.41],"translation":[0.25,5.25,2.75]},"firstperson_lefthand":{"rotation":[69.21,11.24,15.41],"translation":[0.25,5.25,2.75]},"ground":{"translation":[0,2.3,0],"scale":[0.7,0.7,0.7]},"gui":{"rotation":[75,-25,0],"translation":[0.25,2.5,0]},"head":{"translation":[0,14.5,0]},"fixed":{"rotation":[90,0,-180],"translation":[0,0,-7]}},"texture_size":[32,32],"textures":{"0":"item/junk/clipboard","particle":"item/junk/clipboard"},"elements":[{"from":[3,0,2],"to":[13,0,15],"rotation":{"angle":0,"axis":"y","origin":[8,0.28701,5.94291]},"faces":{"north":{"uv":[0,0,5,0],"texture":"#0"},"east":{"uv":[0,0,6.5,0],"texture":"#0"},"south":{"uv":[0,0,5,0],"texture":"#0"},"west":{"uv":[0,0,6.5,0],"texture":"#0"},"up":{"uv":[5,6.5,0,0],"texture":"#0"},"down":{"uv":[10,0,5,6.5],"texture":"#0"}}},{"from":[5,1.53073,2.1903],"to":[11,1.53073,5.1903],"rotation":{"angle":-22.5,"axis":"x","origin":[8,0.28701,5.94291]},"faces":{"north":{"uv":[0,0,3,0],"texture":"#0"},"east":{"uv":[0,0,1.5,0],"texture":"#0"},"south":{"uv":[0,0,3,0],"texture":"#0"},"west":{"uv":[0,0,1.5,0],"texture":"#0"},"up":{"uv":[11,8,8,6.5],"texture":"#0"},"down":{"uv":[11,8,8,9.5],"texture":"#0"}}},{"from":[4,0.25,3],"to":[12,0.25,13],"rotation":{"angle":0,"axis":"y","origin":[8,0.28701,5.94291]},"faces":{"north":{"uv":[0,0,4,0],"texture":"#0"},"east":{"uv":[0,0,5,0],"texture":"#0"},"south":{"uv":[0,0,4,0],"texture":"#0"},"west":{"uv":[0,0,5,0],"texture":"#0"},"up":{"uv":[4,11.5,0,6.5],"texture":"#0"},"down":{"uv":[8,6.5,4,11.5],"texture":"#0"}}}]}