{"display":{"thirdperson_righthand":{"rotation":[0,90,0],"translation":[-0.25,2.75,-1.5],"scale":[0.72,0.72,0.72]},"thirdperson_lefthand":{"rotation":[0,90,0],"translation":[-0.25,2.75,-1.5],"scale":[0.72,0.72,0.72]},"firstperson_righthand":{"rotation":[-4.49,-74.51,8.84],"translation":[2.25,4.5,-2.25]},"firstperson_lefthand":{"rotation":[-4.49,-74.51,8.84],"translation":[2.25,4.5,-2.25]},"ground":{"translation":[0,4.75,-0.5],"scale":[0.75,0.75,0.75]},"gui":{"rotation":[180,19,-174],"translation":[-0.25,6.25,0],"scale":[1.51,1.51,1.51]}},"textures":{"0":"item/junk/credit_card","particle":"item/junk/credit_card"},"elements":[{"from":[3,0,8],"to":[12,7,9],"rotation":{"angle":0,"axis":"x","origin":[14,8,8]},"faces":{"north":{"uv":[0,15.88889,16,0],"rotation":180,"texture":"#0"},"east":{"uv":[14.22222,0,16,15.88889],"texture":"#0"},"south":{"uv":[0,0,16,15.88889],"texture":"#0"},"west":{"uv":[0,0,1.77778,15.88889],"texture":"#0"},"up":{"uv":[0,0,16,2.3],"texture":"#0"},"down":{"uv":[0,13.7,16,16],"texture":"#0"}}}]}