{"display":{"thirdperson_righthand":{"rotation":[35.3,26.42,-11.87],"translation":[1.25,6.75,2.75]},"thirdperson_lefthand":{"rotation":[35.3,26.42,-11.87],"translation":[1.25,6.75,2.75]},"firstperson_righthand":{"rotation":[-14,180,0],"translation":[-9.5,8.75,0]},"firstperson_lefthand":{"rotation":[-14,180,0],"translation":[-8.75,8.75,0]},"ground":{"translation":[0,5.25,0]},"gui":{"rotation":[-160,40.25,-180],"translation":[-1.25,5.5,0],"scale":[1.28906,1.28906,1.28906]},"head":{"translation":[1.5,-3.51367,-6.75],"scale":[3.29492,3.29492,3.29492]}},"texture_size":[32,32],"textures":{"0":"item/junk/ducky","particle":"item/junk/ducky"},"elements":[{"from":[6,3,6],"to":[9,6,9],"rotation":{"angle":0,"axis":"y","origin":[5,3,6]},"faces":{"north":{"uv":[5,0,6.5,1.5],"texture":"#0"},"east":{"uv":[5,1.5,6.5,3],"texture":"#0"},"south":{"uv":[5,4.5,6.5,6],"texture":"#0"},"west":{"uv":[0,6,1.5,7.5],"texture":"#0"},"up":{"uv":[3,7.5,1.5,6],"texture":"#0"},"down":{"uv":[4.5,6,3,7.5],"texture":"#0"}}},{"from":[6,3,5],"to":[9,4,6],"rotation":{"angle":0,"axis":"y","origin":[5,3,6]},"faces":{"north":{"uv":[6,4,7.5,4.5],"texture":"#0"},"east":{"uv":[6.5,0.5,7,1],"texture":"#0"},"south":{"uv":[4.5,6,6,6.5],"texture":"#0"},"west":{"uv":[6.5,1,7,1.5],"texture":"#0"},"up":{"uv":[7.5,6.5,6,6],"texture":"#0"},"down":{"uv":[8,0,6.5,0.5],"texture":"#0"}}},{"from":[5,0,6],"to":[10,3,12],"rotation":{"angle":0,"axis":"y","origin":[7,0,6]},"faces":{"north":{"uv":[0,4.5,2.5,6],"texture":"#0"},"east":{"uv":[0,3,3,4.5],"texture":"#0"},"south":{"uv":[2.5,4.5,5,6],"texture":"#0"},"west":{"uv":[3,3,6,4.5],"texture":"#0"},"up":{"uv":[2.5,3,0,0],"texture":"#0"},"down":{"uv":[5,0,2.5,3],"texture":"#0"}}},{"from":[5,3,12],"to":[10,4,12],"rotation":{"angle":0,"axis":"y","origin":[7,0,7]},"faces":{"north":{"uv":[6,3,8.5,3.5],"texture":"#0"},"east":{"uv":[0,0,0,0.5],"texture":"#0"},"south":{"uv":[6,3.5,8.5,4],"texture":"#0"},"west":{"uv":[0,0,0,0.5],"texture":"#0"},"up":{"uv":[2.5,0,0,0],"texture":"#0"},"down":{"uv":[2.5,0,0,0],"texture":"#0"}}}]}