{"display":{"thirdperson_righthand":{"rotation":[53.75,180,0],"translation":[0,2.75,2.25],"scale":[0.55,0.55,0.55]},"thirdperson_lefthand":{"rotation":[53.75,180,0],"translation":[0,2.75,2.25],"scale":[0.55,0.55,0.55]},"firstperson_righthand":{"rotation":[-145.33,-8.2,168.32],"translation":[0,8.25,1.25]},"firstperson_lefthand":{"rotation":[-145.33,-8.2,168.32],"translation":[0,8.25,1.25]},"ground":{"translation":[0,2,0],"scale":[0.5,0.5,0.5]},"gui":{"rotation":[-105.53,24.08,153.01],"translation":[-2.5,2.75,0]},"head":{"rotation":[-90,0,0],"translation":[0,0,-14.25],"scale":[1.13672,1.13672,1.13672]}},"textures":{"0":"item/junk/safety_goggles","particle":"item/junk/safety_goggles"},"elements":[{"from":[7,0,7],"to":[9,2,10],"faces":{"north":{"uv":[10,12,12,14],"texture":"#0"},"east":{"uv":[0,12,3,14],"texture":"#0"},"south":{"uv":[12,12,14,14],"texture":"#0"},"west":{"uv":[3,12,6,14],"texture":"#0"},"up":{"uv":[8,15,6,12],"texture":"#0"},"down":{"uv":[10,12,8,15],"texture":"#0"}}},{"from":[2,0,5],"to":[7,2,10],"faces":{"north":{"uv":[0,10,5,12],"texture":"#0"},"east":{"uv":[10,0,15,2],"texture":"#0"},"south":{"uv":[10,2,15,4],"texture":"#0"},"west":{"uv":[10,4,15,6],"texture":"#0"},"up":{"uv":[5,5,0,0],"texture":"#0"},"down":{"uv":[5,5,0,10],"texture":"#0"}}},{"from":[9,0,5],"to":[14,2,10],"faces":{"north":{"uv":[5,10,10,12],"texture":"#0"},"east":{"uv":[10,6,15,8],"texture":"#0"},"south":{"uv":[10,8,15,10],"texture":"#0"},"west":{"uv":[10,10,15,12],"texture":"#0"},"up":{"uv":[10,5,5,0],"texture":"#0"},"down":{"uv":[10,5,5,10],"texture":"#0"}}}]}