{"display":{"thirdperson_righthand":{"rotation":[0,0,90],"translation":[-4.25,-0.25,-0.25],"scale":[0.63,0.63,0.63]},"thirdperson_lefthand":{"rotation":[0,0,90],"translation":[-4.25,-0.25,-0.25],"scale":[0.63,0.63,0.63]},"firstperson_righthand":{"rotation":[-119.38,23.87,159.43],"translation":[-1.75,7.5,4.25]},"firstperson_lefthand":{"rotation":[-119.38,23.87,159.43],"translation":[-1.75,7.5,4.25]},"ground":{"translation":[0,2.75,0],"scale":[0.75,0.75,0.75]},"gui":{"rotation":[62.62,-27.74,19.61],"translation":[-2.75,5.5,0],"scale":[1.79,1.79,1.79]},"head":{"scale":[4,4,4]}},"textures":{"0":"item/junk/soap","particle":"item/junk/soap"},"elements":[{"from":[5,0,4],"to":[10,3,11],"rotation":{"angle":0,"axis":"y","origin":[7,0,4]},"faces":{"north":{"uv":[0,10,5,13],"texture":"#0"},"east":{"uv":[0,7,7,10],"texture":"#0"},"south":{"uv":[10,0,15,3],"texture":"#0"},"west":{"uv":[7,7,14,10],"texture":"#0"},"up":{"uv":[5,7,0,0],"texture":"#0"},"down":{"uv":[10,0,5,7],"texture":"#0"}}}]}