{"display":{"thirdperson_righthand":{"translation":[0,-1.5,0.5],"scale":[0.55,0.55,0.55]},"thirdperson_lefthand":{"translation":[0,-1.5,0.5],"scale":[0.55,0.55,0.55]},"firstperson_righthand":{"rotation":[-9.5,12.25,0],"translation":[1,2.25,0]},"firstperson_lefthand":{"rotation":[-9.5,12.25,0],"translation":[1,2.25,0]},"ground":{"translation":[0,1.95,0],"scale":[0.8,0.8,0.8]},"gui":{"rotation":[25,135,0],"translation":[0,1,0]},"head":{"rotation":[-22.75,0,0],"translation":[0,0,-7.75]}},"texture_size":[32,32],"textures":{"0":"item/junk/spray_bottle","particle":"item/junk/spray_bottle"},"elements":[{"from":[6,0,6],"to":[10,7,10],"faces":{"north":{"uv":[0,0,2,3.5],"texture":"#0"},"east":{"uv":[2,0,4,3.5],"texture":"#0"},"south":{"uv":[0,3.5,2,7],"texture":"#0"},"west":{"uv":[2,3.5,4,7],"texture":"#0"},"up":{"uv":[6,6,4,4],"texture":"#0"},"down":{"uv":[6,6,4,8],"texture":"#0"}}},{"from":[7,7,7],"to":[9,10,9],"faces":{"north":{"uv":[3,7,4,8.5],"texture":"#0"},"east":{"uv":[7,3.5,8,5],"texture":"#0"},"south":{"uv":[7,5,8,6.5],"texture":"#0"},"west":{"uv":[6,7,7,8.5],"texture":"#0"},"up":{"uv":[8,7.5,7,6.5],"texture":"#0"},"down":{"uv":[8,7.5,7,8.5],"texture":"#0"}}},{"from":[7,10,4],"to":[9,14,10],"faces":{"north":{"uv":[7,0,8,2],"texture":"#0"},"east":{"uv":[4,0,7,2],"texture":"#0"},"south":{"uv":[1,7,2,9],"texture":"#0"},"west":{"uv":[4,2,7,4],"texture":"#0"},"up":{"uv":[7,7,6,4],"texture":"#0"},"down":{"uv":[1,7,0,10],"texture":"#0"}}},{"from":[7,12,2],"to":[9,14,4],"faces":{"north":{"uv":[8,0,9,1],"texture":"#0"},"east":{"uv":[8,1,9,2],"texture":"#0"},"south":{"uv":[8,2,9,3],"texture":"#0"},"west":{"uv":[8,3,9,4],"texture":"#0"},"up":{"uv":[5,9,4,8],"texture":"#0"},"down":{"uv":[9,4,8,5],"texture":"#0"}}},{"from":[7,7,5],"to":[9,10,5],"rotation":{"angle":22.5,"axis":"x","origin":[8,10,5]},"faces":{"north":{"uv":[2,7,3,8.5],"texture":"#0"},"east":{"uv":[0,0,0,1.5],"texture":"#0"},"south":{"uv":[7,2,8,3.5],"texture":"#0"},"west":{"uv":[0,0,0,1.5],"texture":"#0"},"up":{"uv":[1,0,0,0],"texture":"#0"},"down":{"uv":[1,0,0,0],"texture":"#0"}}}],"gui_light":"front"}