{"display":{"thirdperson_righthand":{"scale":[0.7,0.7,0.7]},"thirdperson_lefthand":{"scale":[0.7,0.7,0.7]},"firstperson_righthand":{"rotation":[-158.05,34.02,144.2],"translation":[10.25,-5.75,-6.25]},"firstperson_lefthand":{"rotation":[-158.05,34.02,144.2],"translation":[6.75,-5.75,-6.25]},"ground":{"translation":[0,1.75,0],"scale":[0.7,0.7,0.7]},"gui":{"rotation":[49.71,53.7,-55.65],"translation":[0,-0.75,0],"scale":[0.7,0.7,0.7]}},"texture_size":[64,64],"textures":{"0":"item/junk/trashbag","particle":"item/junk/trashbag"},"elements":[{"from":[2.5,0.5,2.5],"to":[13.5,8.5,12.5],"rotation":{"angle":0,"axis":"x","origin":[8,8,7.5]},"faces":{"north":{"uv":[0,0,2.5,2.5],"texture":"#0"},"east":{"uv":[2.5,0,4.75,2.5],"texture":"#0"},"south":{"uv":[0,2.5,2.5,5],"texture":"#0"},"west":{"uv":[2.5,2.5,4.75,5],"texture":"#0"},"up":{"uv":[7.25,2.25,4.75,0],"texture":"#0"},"down":{"uv":[7.25,2.25,4.75,4.5],"texture":"#0"}}},{"from":[2.99,7.99,2.99],"to":[13.01,16.01,12.01],"rotation":{"angle":0,"axis":"y","origin":[8,8,7.5]},"faces":{"north":{"uv":[2.5,6.75,5,8.75],"texture":"#0"},"east":{"uv":[0,7.25,2.25,9.25],"texture":"#0"},"south":{"uv":[5,6.75,7.5,8.75],"texture":"#0"},"west":{"uv":[7.25,0,9.5,2],"texture":"#0"},"up":{"uv":[7.25,6.75,4.75,4.5],"texture":"#0"},"down":{"uv":[2.5,5,0,7.25],"texture":"#0"}}},{"from":[4.99,15.99,4.99],"to":[11.01,17.01,11.01],"rotation":{"angle":0,"axis":"y","origin":[8,8,7.5]},"faces":{"north":{"uv":[2.5,6.5,4,6.75],"texture":"#0"},"east":{"uv":[7.25,5.5,8.75,5.75],"texture":"#0"},"south":{"uv":[7.25,5.75,8.75,6],"texture":"#0"},"west":{"uv":[7.25,6,8.75,6.25],"texture":"#0"},"up":{"uv":[4,6.5,2.5,5],"texture":"#0"},"down":{"uv":[8.75,2,7.25,3.5],"texture":"#0"}}},{"from":[5.49,16.99,7.99],"to":[10.51,21.01,8.01],"rotation":{"angle":-22.5,"axis":"y","origin":[8,19,8]},"faces":{"north":{"uv":[7.25,3.5,8.5,4.5],"texture":"#0"},"east":{"uv":[0,0,0,1],"texture":"#0"},"south":{"uv":[7.25,4.5,8.5,5.5],"texture":"#0"},"west":{"uv":[0,0,0,1],"texture":"#0"},"up":{"uv":[1.25,0,0,0],"texture":"#0"},"down":{"uv":[1.25,0,0,0],"texture":"#0"}}}]}