{"display":{"thirdperson_righthand":{"translation":[0,1.25,-2.5],"scale":[0.55,0.55,0.55]},"thirdperson_lefthand":{"translation":[0,1.25,-2.5],"scale":[0.55,0.55,0.55]},"firstperson_righthand":{"rotation":[0,25,0],"translation":[0,6.5,0]},"firstperson_lefthand":{"rotation":[0,25,0],"translation":[0,6.5,0]},"ground":{"translation":[0,1.95,0],"scale":[0.8,0.8,0.8]},"gui":{"rotation":[25,135,0],"translation":[0,3.25,0]},"head":{"rotation":[0,0,180],"translation":[0,-7.25,-3.25]}},"texture_size":[32,32],"textures":{"0":"item/junk/watering_can","particle":"item/junk/watering_can"},"elements":[{"from":[5,0,5],"to":[11,7,12],"faces":{"north":{"uv":[3.5,0,6.5,3.5],"texture":"#0"},"east":{"uv":[0,0,3.5,3.5],"texture":"#0"},"south":{"uv":[3.5,3.5,6.5,7],"texture":"#0"},"west":{"uv":[0,3.5,3.5,7],"texture":"#0"},"up":{"uv":[9.5,3.5,6.5,0],"texture":"#0"},"down":{"uv":[9.5,3.5,6.5,7],"texture":"#0"}}},{"from":[7,1,-1],"to":[9,3,5],"rotation":{"angle":45,"axis":"x","origin":[8,1,5]},"faces":{"north":{"uv":[6,9,7,10],"texture":"#0"},"east":{"uv":[8,7,11,8],"texture":"#0"},"south":{"uv":[7,9,8,10],"texture":"#0"},"west":{"uv":[8,8,11,9],"texture":"#0"},"up":{"uv":[5,12,4,9],"texture":"#0"},"down":{"uv":[6,9,5,12],"texture":"#0"}}},{"from":[6,0,-2],"to":[10,4,-1],"rotation":{"angle":45,"axis":"x","origin":[8,1,5]},"faces":{"north":{"uv":[4,7,6,9],"texture":"#0"},"east":{"uv":[8,9,8.5,11],"texture":"#0"},"south":{"uv":[6,7,8,9],"texture":"#0"},"west":{"uv":[8.5,9,9,11],"texture":"#0"},"up":{"uv":[11,9.5,9,9],"texture":"#0"},"down":{"uv":[11.5,0,9.5,0.5],"texture":"#0"}}},{"from":[8,0,11],"to":[8,8,15],"faces":{"north":{"uv":[0,0,0,4],"texture":"#0"},"east":{"uv":[0,7,2,11],"texture":"#0"},"south":{"uv":[0,0,0,4],"texture":"#0"},"west":{"uv":[2,7,4,11],"texture":"#0"},"up":{"uv":[0,2,0,0],"texture":"#0"},"down":{"uv":[0,0,0,2],"texture":"#0"}}}]}