{
    "parent": "item/generated",
    "textures": {
        "layer0": "minecraft:item/orange_candle"
    },
    "animated_java": {
        "rigs": {
            "aurora_truck": {
                "used_ids": [
                    2,
                    3,
                    4
                ]
            },
            "foundation_chinook": {
                "used_ids": [
                    5,
                    6,
                    7,
                    8,
                    9,
                    10,
                    11,
                    12,
                    13
                ]
            }
        }
    }
}