{
    "parent": "builtin/entity",
    "gui_light": "front",
    "textures": {
        "particle": "block/dark_oak_planks"
    },
    "display": {
        "thirdperson_righthand": {
            "rotation": [
                45,
                155,
                0
            ],
            "translation": [
                -3.49,
                11,
                -2
            ],
            "scale": [
                1,
                1,
                1
            ]
        },
        "thirdperson_lefthand": {
            "rotation": [
                45,
                155,
                0
            ],
            "translation": [
                11.51,
                7,
                2.5
            ],
            "scale": [
                1,
                1,
                1
            ]
        },
        "firstperson_righthand": {
            "rotation": [
                0,
                180,
                -5
            ],
            "translation": [
                -15,
                5,
                -11
            ],
            "scale": [
                1.25,
                1.25,
                1.25
            ]
        },
        "firstperson_lefthand": {
            "rotation": [
                0,
                180,
                -5
            ],
            "translation": [
                5,
                5,
                -11
            ],
            "scale": [
                1.25,
                1.25,
                1.25
            ]
        },
        "gui": {
            "rotation": [
                15,
                -25,
                -5
            ],
            "translation": [
                2,
                3,
                0
            ],
            "scale": [
                0.65,
                0.65,
                0.65
            ]
        }
    }
}