{
    "display": {
        "thirdperson_righthand": {
            "translation": [
                -0.25,
                7.25,
                0
            ],
            "scale": [
                0.8,
                0.8,
                0.8
            ]
        },
        "thirdperson_lefthand": {
            "translation": [
                -2.75,
                7.25,
                0
            ],
            "scale": [
                0.8,
                0.8,
                0.8
            ]
        },
        "firstperson_righthand": {
            "rotation": [
                -50,
                -5,
                -15
            ],
            "translation": [
                2,
                7,
                -4
            ]
        },
        "firstperson_lefthand": {
            "rotation": [
                -50,
                -5,
                -15
            ],
            "translation": [
                -3.25,
                7.5,
                -4
            ]
        },
        "ground": {
            "translation": [
                0,
                5.25,
                0
            ]
        },
        "gui": {
            "rotation": [
                165.35,
                45.15,
                -136.11
            ],
            "translation": [
                5.25,
                9.75,
                0
            ],
            "scale": [
                1.5,
                1.5,
                1.5
            ]
        },
        "head": {
            "translation": [
                0,
                8.25,
                -11.75
            ],
            "scale": [
                1.33008,
                1.33008,
                1.33008
            ]
        }
    },
    "texture_size": [
        32,
        32
    ],
    "textures": {
        "0": "item/use/spotter",
        "particle": "item/use/spotter"
    },
    "elements": [
        {
            "from": [
                2,
                -1,
                4
            ],
            "to": [
                5,
                2,
                6
            ],
            "faces": {
                "north": {
                    "uv": [
                        4,
                        4.5,
                        5.5,
                        6
                    ],
                    "texture": "#0"
                },
                "east": {
                    "uv": [
                        3,
                        5.5,
                        4,
                        7
                    ],
                    "texture": "#0"
                },
                "south": {
                    "uv": [
                        0,
                        5.5,
                        1.5,
                        7
                    ],
                    "texture": "#0"
                },
                "west": {
                    "uv": [
                        6,
                        1.5,
                        7,
                        3
                    ],
                    "texture": "#0"
                },
                "up": {
                    "uv": [
                        7.5,
                        4,
                        6,
                        3
                    ],
                    "texture": "#0"
                },
                "down": {
                    "uv": [
                        5.5,
                        6,
                        4,
                        7
                    ],
                    "texture": "#0"
                }
            }
        },
        {
            "from": [
                7,
                -1,
                4
            ],
            "to": [
                10,
                2,
                6
            ],
            "faces": {
                "north": {
                    "uv": [
                        1.5,
                        5.5,
                        3,
                        7
                    ],
                    "texture": "#0"
                },
                "east": {
                    "uv": [
                        5.5,
                        6,
                        6.5,
                        7.5
                    ],
                    "texture": "#0"
                },
                "south": {
                    "uv": [
                        5.5,
                        4.5,
                        7,
                        6
                    ],
                    "texture": "#0"
                },
                "west": {
                    "uv": [
                        6.5,
                        6,
                        7.5,
                        7.5
                    ],
                    "texture": "#0"
                },
                "up": {
                    "uv": [
                        1.5,
                        8,
                        0,
                        7
                    ],
                    "texture": "#0"
                },
                "down": {
                    "uv": [
                        3,
                        7,
                        1.5,
                        8
                    ],
                    "texture": "#0"
                }
            }
        },
        {
            "from": [
                2,
                -1,
                6
            ],
            "to": [
                10,
                2,
                10
            ],
            "faces": {
                "north": {
                    "uv": [
                        0,
                        4,
                        4,
                        5.5
                    ],
                    "texture": "#0"
                },
                "east": {
                    "uv": [
                        4,
                        1.5,
                        6,
                        3
                    ],
                    "texture": "#0"
                },
                "south": {
                    "uv": [
                        4,
                        0,
                        8,
                        1.5
                    ],
                    "texture": "#0"
                },
                "west": {
                    "uv": [
                        4,
                        3,
                        6,
                        4.5
                    ],
                    "texture": "#0"
                },
                "up": {
                    "uv": [
                        4,
                        2,
                        0,
                        0
                    ],
                    "texture": "#0"
                },
                "down": {
                    "uv": [
                        4,
                        2,
                        0,
                        4
                    ],
                    "texture": "#0"
                }
            }
        },
        {
            "from": [
                3,
                0,
                10
            ],
            "to": [
                5,
                2,
                12
            ],
            "faces": {
                "north": {
                    "uv": [
                        7,
                        1.5,
                        8,
                        2.5
                    ],
                    "texture": "#0"
                },
                "east": {
                    "uv": [
                        3,
                        7,
                        4,
                        8
                    ],
                    "texture": "#0"
                },
                "south": {
                    "uv": [
                        4,
                        7,
                        5,
                        8
                    ],
                    "texture": "#0"
                },
                "west": {
                    "uv": [
                        7,
                        4,
                        8,
                        5
                    ],
                    "texture": "#0"
                },
                "up": {
                    "uv": [
                        8,
                        6,
                        7,
                        5
                    ],
                    "texture": "#0"
                },
                "down": {
                    "uv": [
                        8.5,
                        2.5,
                        7.5,
                        3.5
                    ],
                    "texture": "#0"
                }
            }
        },
        {
            "from": [
                7,
                0,
                10
            ],
            "to": [
                9,
                2,
                12
            ],
            "faces": {
                "north": {
                    "uv": [
                        5,
                        7.5,
                        6,
                        8.5
                    ],
                    "texture": "#0"
                },
                "east": {
                    "uv": [
                        6,
                        7.5,
                        7,
                        8.5
                    ],
                    "texture": "#0"
                },
                "south": {
                    "uv": [
                        7.5,
                        6,
                        8.5,
                        7
                    ],
                    "texture": "#0"
                },
                "west": {
                    "uv": [
                        7,
                        7.5,
                        8,
                        8.5
                    ],
                    "texture": "#0"
                },
                "up": {
                    "uv": [
                        1,
                        9,
                        0,
                        8
                    ],
                    "texture": "#0"
                },
                "down": {
                    "uv": [
                        9,
                        0,
                        8,
                        1
                    ],
                    "texture": "#0"
                }
            }
        }
    ]
}