{"display":{"thirdperson_righthand":{"translation":[0,2,-1.75],"scale":[0.7,0.7,0.7]},"thirdperson_lefthand":{"translation":[0,2,-1.75],"scale":[0.7,0.7,0.7]},"firstperson_righthand":{"translation":[-9,17.5,0]},"firstperson_lefthand":{"translation":[-9,17.5,0]},"ground":{"translation":[0,2,0],"scale":[0.75,0.75,0.75]},"gui":{"rotation":[162,45,-180],"translation":[0,3.5,0],"scale":[1.17188,1.17188,1.17188]}},"texture_size":[32,32],"textures":{"0":"item/gear/smg","particle":"item/gear/smg"},"elements":[{"from":[7.01,0,12],"to":[8.99,5,14],"rotation":{"angle":-22.5,"axis":"x","origin":[8,5,12]},"faces":{"north":{"uv":[4.5,0,5.5,2.5],"texture":"#0"},"east":{"uv":[5,2.5,6,5],"texture":"#0"},"south":{"uv":[5,5,6,7.5],"texture":"#0"},"west":{"uv":[5.5,0,6.5,2.5],"texture":"#0"},"up":{"uv":[8,5.5,7,4.5],"texture":"#0"},"down":{"uv":[8,5.5,7,6.5],"texture":"#0"}}},{"from":[7,5,10],"to":[9,7,14],"faces":{"north":{"uv":[7.5,0,8.5,1],"texture":"#0"},"east":{"uv":[6,2.5,8,3.5],"texture":"#0"},"south":{"uv":[3,7.5,4,8.5],"texture":"#0"},"west":{"uv":[6,3.5,8,4.5],"texture":"#0"},"up":{"uv":[7,6.5,6,4.5],"texture":"#0"},"down":{"uv":[1,6.5,0,8.5],"texture":"#0"}}},{"from":[7,4,1],"to":[9,7,10],"faces":{"north":{"uv":[6.5,0,7.5,1.5],"texture":"#0"},"east":{"uv":[0,0,4.5,1.5],"texture":"#0"},"south":{"uv":[2,6.5,3,8],"texture":"#0"},"west":{"uv":[0,1.5,4.5,3],"texture":"#0"},"up":{"uv":[4,7.5,3,3],"texture":"#0"},"down":{"uv":[5,3,4,7.5],"texture":"#0"}}},{"from":[7.5,0,7],"to":[8.5,6.99,10],"faces":{"north":{"uv":[1,6.5,1.5,10],"texture":"#0"},"east":{"uv":[0,3,1.5,6.5],"texture":"#0"},"south":{"uv":[1.5,6.5,2,10],"texture":"#0"},"west":{"uv":[1.5,3,3,6.5],"texture":"#0"},"up":{"uv":[4.5,9,4,7.5],"texture":"#0"},"down":{"uv":[5,7.5,4.5,9],"texture":"#0"}}},{"from":[8,3,10],"to":[8.01,5,13],"faces":{"north":{"uv":[0,0,0,1],"texture":"#0"},"east":{"uv":[6.5,1.5,8,2.5],"texture":"#0"},"south":{"uv":[0,0,0,1],"texture":"#0"},"west":{"uv":[6,6.5,7.5,7.5],"texture":"#0"},"up":{"uv":[0,1.5,0,0],"texture":"#0"},"down":{"uv":[0,0,0,1.5],"texture":"#0"}}},{"from":[8,7,11],"to":[8.01,8,13],"faces":{"north":{"uv":[0,0,0,0.5],"texture":"#0"},"east":{"uv":[7.5,6.5,8.5,7],"texture":"#0"},"south":{"uv":[0,0,0,0.5],"texture":"#0"},"west":{"uv":[7,7.5,8,8],"texture":"#0"},"up":{"uv":[0,1,0,0],"texture":"#0"},"down":{"uv":[0,0,0,1],"texture":"#0"}}},{"from":[7.5,5,0],"to":[8.5,6,2],"faces":{"north":{"uv":[4.5,2.5,5,3],"texture":"#0"},"east":{"uv":[7.5,1,8.5,1.5],"texture":"#0"},"south":{"uv":[7.5,7,8,7.5],"texture":"#0"},"west":{"uv":[5,7.5,6,8],"texture":"#0"},"up":{"uv":[6.5,8.5,6,7.5],"texture":"#0"},"down":{"uv":[7,7.5,6.5,8.5],"texture":"#0"}}}]}