{"textures":{"0":"animated_java:item/aurora_truck/painandsuffering"},"elements":[{"from":[3,7.5,7.5],"to":[13,8.5,8.5],"rotation":{"angle":0,"axis":"y","origin":[8,4,1.5]},"faces":{"north":{"uv":[6.75,2.25,8,2.375],"texture":"#0"},"east":{"uv":[4.75,2.25,4.875,2.375],"texture":"#0"},"south":{"uv":[6.75,2.375,8,2.5],"texture":"#0"},"west":{"uv":[4.75,2.375,4.875,2.5],"texture":"#0"},"up":{"uv":[8,2.625,6.75,2.5],"texture":"#0"},"down":{"uv":[8,2.625,6.75,2.75],"texture":"#0"}}},{"from":[2,6,6],"to":[4,10,10],"rotation":{"angle":0,"axis":"y","origin":[8,4,1.5]},"faces":{"north":{"uv":[3.75,6.75,4,7.25],"texture":"#0"},"east":{"uv":[6,0,6.5,0.5],"texture":"#0"},"south":{"uv":[4,6.75,4.25,7.25],"texture":"#0"},"west":{"uv":[1,6.125,1.5,6.625],"texture":"#0"},"up":{"uv":[5,7.25,4.75,6.75],"texture":"#0"},"down":{"uv":[5.25,6.75,5,7.25],"texture":"#0"}}},{"from":[12,6,6],"to":[14,10,10],"rotation":{"angle":0,"axis":"y","origin":[8,4,1.5]},"faces":{"north":{"uv":[5.25,6.75,5.5,7.25],"texture":"#0"},"east":{"uv":[1.5,6.125,2,6.625],"texture":"#0"},"south":{"uv":[5.5,6.75,5.75,7.25],"texture":"#0"},"west":{"uv":[2,6.125,2.5,6.625],"texture":"#0"},"up":{"uv":[6,7.25,5.75,6.75],"texture":"#0"},"down":{"uv":[6.25,6.75,6,7.25],"texture":"#0"}}}],"display":{"head":{"rotation":[0,180,0]}}}