{"textures":{"0":"animated_java:item/aurora_truck/painandsuffering"},"elements":[{"from":[3,7.5,7.5],"to":[13,8.5,8.5],"rotation":{"angle":0,"axis":"y","origin":[8,4,11.5]},"faces":{"north":{"uv":[6.75,4.125,8,4.25],"texture":"#0"},"east":{"uv":[4.875,2.25,5,2.375],"texture":"#0"},"south":{"uv":[6.75,4.25,8,4.375],"texture":"#0"},"west":{"uv":[4.875,2.375,5,2.5],"texture":"#0"},"up":{"uv":[8,4.5,6.75,4.375],"texture":"#0"},"down":{"uv":[8,4.5,6.75,4.625],"texture":"#0"}}},{"from":[2,6,6],"to":[4,10,10],"rotation":{"angle":0,"axis":"y","origin":[8,4,11.5]},"faces":{"north":{"uv":[6.25,6.75,6.5,7.25],"texture":"#0"},"east":{"uv":[5.5,6.125,6,6.625],"texture":"#0"},"south":{"uv":[6.5,6.75,6.75,7.25],"texture":"#0"},"west":{"uv":[6,6.125,6.5,6.625],"texture":"#0"},"up":{"uv":[7,7.125,6.75,6.625],"texture":"#0"},"down":{"uv":[1.25,6.875,1,7.375],"texture":"#0"}}},{"from":[12,6,6],"to":[14,10,10],"rotation":{"angle":0,"axis":"y","origin":[8,4,11.5]},"faces":{"north":{"uv":[1.25,6.875,1.5,7.375],"texture":"#0"},"east":{"uv":[6.25,2.25,6.75,2.75],"texture":"#0"},"south":{"uv":[1.5,6.875,1.75,7.375],"texture":"#0"},"west":{"uv":[2.5,6.25,3,6.75],"texture":"#0"},"up":{"uv":[2,7.375,1.75,6.875],"texture":"#0"},"down":{"uv":[2.25,6.875,2,7.375],"texture":"#0"}}}],"display":{"head":{"rotation":[0,180,0]}}}