{"textures":{"0":"animated_java:item/aurora_truck/painandsuffering"},"elements":[{"from":[3,10,-2.5],"to":[13,13,17.5],"rotation":{"angle":0,"axis":"y","origin":[8,6,6.5]},"faces":{"north":{"uv":[5.75,5,7,5.375],"texture":"#0"},"east":{"uv":[3.5,0,6,0.375],"texture":"#0"},"south":{"uv":[5.875,0.75,7.125,1.125],"texture":"#0"},"west":{"uv":[3.5,0.375,6,0.75],"texture":"#0"},"up":{"uv":[1.25,2.5,0,0],"texture":"#0"},"down":{"uv":[2.5,0,1.25,2.5],"texture":"#0"}}},{"from":[4,12,0.25],"to":[12,19,3.25],"rotation":{"angle":45,"axis":"x","origin":[8,14,0.25]},"faces":{"north":{"uv":[3.25,3.75,4.25,4.625],"texture":"#0"},"east":{"uv":[4.75,5.875,5.125,6.75],"texture":"#0"},"south":{"uv":[1,4.25,2,5.125],"texture":"#0"},"west":{"uv":[5.125,5.875,5.5,6.75],"texture":"#0"},"up":{"uv":[4.25,5,3.25,4.625],"texture":"#0"},"down":{"uv":[6.875,1.125,5.875,1.5],"texture":"#0"}}},{"from":[9.5,17.5,3.25],"to":[12,18.25,4.25],"rotation":{"angle":0,"axis":"y","origin":[8,6,6.5]},"faces":{"north":{"uv":[2.5,5.5,2.8125,5.59375],"texture":"#0"},"east":{"uv":[0.75,5,0.875,5.09375],"texture":"#0"},"south":{"uv":[2.875,5.5,3.1875,5.59375],"texture":"#0"},"west":{"uv":[0.875,5,1,5.09375],"texture":"#0"},"up":{"uv":[0.3125,5.125,0,5],"texture":"#0"},"down":{"uv":[0.6875,5,0.375,5.125],"texture":"#0"}}},{"from":[4,17.5,3.25],"to":[6.5,18.25,4.25],"rotation":{"angle":0,"axis":"y","origin":[8,6,6.5]},"faces":{"north":{"uv":[6,0.5,6.3125,0.59375],"texture":"#0"},"east":{"uv":[1.875,5.125,2,5.21875],"texture":"#0"},"south":{"uv":[6,0.625,6.3125,0.71875],"texture":"#0"},"west":{"uv":[1.875,5.25,2,5.34375],"texture":"#0"},"up":{"uv":[5.3125,3.625,5,3.5],"texture":"#0"},"down":{"uv":[5.3125,3.625,5,3.75],"texture":"#0"}}},{"from":[3.5,13,3],"to":[12.5,17.5,17],"rotation":{"angle":0,"axis":"y","origin":[8,6,6.5]},"faces":{"north":{"uv":[2.5,5.625,3.625,6.1875],"texture":"#0"},"east":{"uv":[3.25,2.5,5,3.0625],"texture":"#0"},"south":{"uv":[3.625,5.625,4.75,6.1875],"texture":"#0"},"west":{"uv":[3.25,3.125,5,3.6875],"texture":"#0"},"up":{"uv":[2.125,4.25,1,2.5],"texture":"#0"},"down":{"uv":[3.25,2.5,2.125,4.25],"texture":"#0"}}},{"from":[3,13,4.5],"to":[13,18,5.5],"rotation":{"angle":0,"axis":"y","origin":[8,6,6.5]},"faces":{"north":{"uv":[2,4.25,3.25,4.875],"texture":"#0"},"east":{"uv":[4.25,6.875,4.375,7.5],"texture":"#0"},"south":{"uv":[4.25,3.75,5.5,4.375],"texture":"#0"},"west":{"uv":[4.375,6.875,4.5,7.5],"texture":"#0"},"up":{"uv":[7.75,6.375,6.5,6.25],"texture":"#0"},"down":{"uv":[7.75,6.375,6.5,6.5],"texture":"#0"}}},{"from":[3,13,8.5],"to":[13,18,9.5],"rotation":{"angle":0,"axis":"y","origin":[8,6,6.5]},"faces":{"north":{"uv":[4.25,4.375,5.5,5],"texture":"#0"},"east":{"uv":[4.5,6.875,4.625,7.5],"texture":"#0"},"south":{"uv":[2,4.875,3.25,5.5],"texture":"#0"},"west":{"uv":[4.625,6.875,4.75,7.5],"texture":"#0"},"up":{"uv":[7.75,6.625,6.5,6.5],"texture":"#0"},"down":{"uv":[2.25,6.625,1,6.75],"texture":"#0"}}},{"from":[3,13,12.5],"to":[13,18,13.5],"rotation":{"angle":0,"axis":"y","origin":[8,6,6.5]},"faces":{"north":{"uv":[5,2.25,6.25,2.875],"texture":"#0"},"east":{"uv":[7,3.5,7.125,4.125],"texture":"#0"},"south":{"uv":[5,2.875,6.25,3.5],"texture":"#0"},"west":{"uv":[7,5,7.125,5.625],"texture":"#0"},"up":{"uv":[4.25,6.75,3,6.625],"texture":"#0"},"down":{"uv":[6.75,6.625,5.5,6.75],"texture":"#0"}}},{"from":[3,13,16.5],"to":[13,18,17.5],"rotation":{"angle":0,"axis":"y","origin":[8,6,6.5]},"faces":{"north":{"uv":[3.25,5,4.5,5.625],"texture":"#0"},"east":{"uv":[7,6.625,7.125,7.25],"texture":"#0"},"south":{"uv":[4.5,5,5.75,5.625],"texture":"#0"},"west":{"uv":[7.125,0,7.25,0.625],"texture":"#0"},"up":{"uv":[2.25,6.875,1,6.75],"texture":"#0"},"down":{"uv":[3.5,6.75,2.25,6.875],"texture":"#0"}}},{"from":[3.25,7.75,17.5],"to":[12.75,12.75,19.5],"rotation":{"angle":22.5,"axis":"x","origin":[8,12.75,19.5]},"faces":{"north":{"uv":[0,5.125,1.1875,5.75],"texture":"#0"},"east":{"uv":[4.25,6.25,4.5,6.875],"texture":"#0"},"south":{"uv":[1.25,5.5,2.4375,6.125],"texture":"#0"},"west":{"uv":[4.5,6.25,4.75,6.875],"texture":"#0"},"up":{"uv":[4.6875,2.5,3.5,2.25],"texture":"#0"},"down":{"uv":[6.9375,5.375,5.75,5.625],"texture":"#0"}}},{"from":[3.25,12.75,17.5],"to":[12.75,17.75,19.5],"rotation":{"angle":-22.5,"axis":"x","origin":[8,12.75,19.5]},"faces":{"north":{"uv":[5.5,3.5,6.6875,4.125],"texture":"#0"},"east":{"uv":[3.5,6.75,3.75,7.375],"texture":"#0"},"south":{"uv":[5.5,4.125,6.6875,4.75],"texture":"#0"},"west":{"uv":[6.75,3.5,7,4.125],"texture":"#0"},"up":{"uv":[7.0625,1.75,5.875,1.5],"texture":"#0"},"down":{"uv":[7.0625,1.75,5.875,2],"texture":"#0"}}},{"from":[8,10.25,-4.5],"to":[13,12.75,-1.5],"rotation":{"angle":-22.5,"axis":"y","origin":[8,10.25,-4.5]},"faces":{"north":{"uv":[3.625,6.25,4.25,6.5625],"texture":"#0"},"east":{"uv":[6.875,1.125,7.25,1.4375],"texture":"#0"},"south":{"uv":[6.5,0,7.125,0.3125],"texture":"#0"},"west":{"uv":[2.25,6.875,2.625,7.1875],"texture":"#0"},"up":{"uv":[1.875,5.5,1.25,5.125],"texture":"#0"},"down":{"uv":[6.875,2.75,6.25,3.125],"texture":"#0"}}},{"from":[3,10.25,-4.5],"to":[8,12.75,-1.5],"rotation":{"angle":22.5,"axis":"y","origin":[8,10.25,-4.5]},"faces":{"north":{"uv":[6.5,0.375,7.125,0.6875],"texture":"#0"},"east":{"uv":[2.625,6.875,3,7.1875],"texture":"#0"},"south":{"uv":[6.5,5.875,7.125,6.1875],"texture":"#0"},"west":{"uv":[6.875,2.75,7.25,3.0625],"texture":"#0"},"up":{"uv":[3.625,6.625,3,6.25],"texture":"#0"},"down":{"uv":[6.875,3.125,6.25,3.5],"texture":"#0"}}},{"from":[12,7,-1.5],"to":[14,10,17.5],"rotation":{"angle":22.5,"axis":"z","origin":[8,7,6.5]},"faces":{"north":{"uv":[1,5.75,1.25,6.125],"texture":"#0"},"east":{"uv":[3.5,0.75,5.875,1.125],"texture":"#0"},"south":{"uv":[3,6.875,3.25,7.25],"texture":"#0"},"west":{"uv":[3.5,1.125,5.875,1.5],"texture":"#0"},"up":{"uv":[0.25,8.125,0,5.75],"texture":"#0"},"down":{"uv":[0.5,5.75,0.25,8.125],"texture":"#0"}}},{"from":[2,7,-1.5],"to":[4,10,17.5],"rotation":{"angle":-22.5,"axis":"z","origin":[8,7,6.5]},"faces":{"north":{"uv":[6.875,3.125,7.125,3.5],"texture":"#0"},"east":{"uv":[3.5,1.5,5.875,1.875],"texture":"#0"},"south":{"uv":[3.25,6.875,3.5,7.25],"texture":"#0"},"west":{"uv":[3.5,1.875,5.875,2.25],"texture":"#0"},"up":{"uv":[0.75,8.125,0.5,5.75],"texture":"#0"},"down":{"uv":[1,5.75,0.75,8.125],"texture":"#0"}}},{"from":[4,8,-2],"to":[12,10,17.5],"rotation":{"angle":0,"axis":"y","origin":[8,6,6.5]},"faces":{"north":{"uv":[5.875,2,6.875,2.25],"texture":"#0"},"east":{"uv":[5.5,4.75,7.9375,5],"texture":"#0"},"south":{"uv":[5.5,5.875,6.5,6.125],"texture":"#0"},"west":{"uv":[4.75,5.625,7.1875,5.875],"texture":"#0"},"up":{"uv":[1,4.9375,0,2.5],"texture":"#0"},"down":{"uv":[3.5,0,2.5,2.4375],"texture":"#0"}}}],"display":{"head":{"rotation":[0,180,0]}}}