{"display":{"thirdperson_righthand":{"translation":[0,3.5,0.25]},"thirdperson_lefthand":{"translation":[0,3.5,0.25]},"firstperson_righthand":{"rotation":[3,0,0],"translation":[-9,17.25,0]},"firstperson_lefthand":{"rotation":[8,0,0],"translation":[-9,17,0]},"ground":{"translation":[0,2,0],"scale":[0.5,0.5,0.5]},"gui":{"rotation":[-25,135,0],"translation":[1,1.25,0],"scale":[0.93508,0.93508,0.93508]}},"texture_size":[32,32],"textures":{"0":"item/gear/lmg","particle":"item/gear/lmg"},"elements":[{"from":[7,4,0],"to":[9,7,13],"faces":{"north":{"uv":[6.5,1,7.5,2.5],"texture":"#0"},"east":{"uv":[0,0,6.5,1.5],"texture":"#0"},"south":{"uv":[2,6.5,3,8],"texture":"#0"},"west":{"uv":[0,1.5,6.5,3],"texture":"#0"},"up":{"uv":[1,9.5,0,3],"texture":"#0"},"down":{"uv":[2,3,1,9.5],"texture":"#0"}}},{"from":[7.01,0,9],"to":[8.99,4,11],"rotation":{"angle":-22.5,"axis":"x","origin":[8,4,9]},"faces":{"north":{"uv":[2,4.5,3,6.5],"texture":"#0"},"east":{"uv":[3,4.5,4,6.5],"texture":"#0"},"south":{"uv":[4,4.5,5,6.5],"texture":"#0"},"west":{"uv":[5,3,6,5],"texture":"#0"},"up":{"uv":[5,7.5,4,6.5],"texture":"#0"},"down":{"uv":[8,5.5,7,6.5],"texture":"#0"}}},{"from":[7.5,5.5,-5],"to":[8.5,6.5,0],"faces":{"north":{"uv":[8.5,1.5,9,2],"texture":"#0"},"east":{"uv":[6.5,2.5,9,3],"texture":"#0"},"south":{"uv":[8.5,2,9,2.5],"texture":"#0"},"west":{"uv":[7,5,9.5,5.5],"texture":"#0"},"up":{"uv":[3.5,9,3,6.5],"texture":"#0"},"down":{"uv":[4,6.5,3.5,9],"texture":"#0"}}},{"from":[7,5,13],"to":[9,7,17],"faces":{"north":{"uv":[7,6.5,8,7.5],"texture":"#0"},"east":{"uv":[5,5,7,6],"texture":"#0"},"south":{"uv":[7.5,1,8.5,2],"texture":"#0"},"west":{"uv":[6,3,8,4],"texture":"#0"},"up":{"uv":[6,8,5,6],"texture":"#0"},"down":{"uv":[7,6,6,8],"texture":"#0"}}},{"from":[7,6.95,10.75],"to":[8.95,7.7,10.75],"faces":{"north":{"uv":[7.5,2,8.5,2.5],"texture":"#0"},"east":{"uv":[0,0,0,0.5],"texture":"#0"},"south":{"uv":[8.5,1,9.5,1.5],"texture":"#0"},"west":{"uv":[0,0,0,0.5],"texture":"#0"},"up":{"uv":[1,0,0,0],"texture":"#0"},"down":{"uv":[1,0,0,0],"texture":"#0"}}},{"from":[7,3,15],"to":[9,5,17],"faces":{"north":{"uv":[4,7.5,5,8.5],"texture":"#0"},"east":{"uv":[7.5,4,8.5,5],"texture":"#0"},"south":{"uv":[7,7.5,8,8.5],"texture":"#0"},"west":{"uv":[8,0,9,1],"texture":"#0"},"up":{"uv":[3,9,2,8],"texture":"#0"},"down":{"uv":[9,3,8,4],"texture":"#0"}}},{"from":[8,3,13],"to":[8.01,5,15],"faces":{"north":{"uv":[0,0,0,1],"texture":"#0"},"east":{"uv":[5,8,6,9],"texture":"#0"},"south":{"uv":[0,0,0,1],"texture":"#0"},"west":{"uv":[8,5.5,9,6.5],"texture":"#0"},"up":{"uv":[0,1,0,0],"texture":"#0"},"down":{"uv":[0,0,0,1],"texture":"#0"}}},{"from":[7.5,1,4],"to":[8.25,4,7],"faces":{"north":{"uv":[6,8,6.5,9.5],"texture":"#0"},"east":{"uv":[2,3,3.5,4.5],"texture":"#0"},"south":{"uv":[6.5,8,7,9.5],"texture":"#0"},"west":{"uv":[3.5,3,5,4.5],"texture":"#0"},"up":{"uv":[8.5,8,8,6.5],"texture":"#0"},"down":{"uv":[8.5,8,8,9.5],"texture":"#0"}}},{"from":[8,2,7],"to":[8.01,4,10],"faces":{"north":{"uv":[0,0,0,1],"texture":"#0"},"east":{"uv":[6,4,7.5,5],"texture":"#0"},"south":{"uv":[0,0,0,1],"texture":"#0"},"west":{"uv":[6.5,0,8,1],"texture":"#0"},"up":{"uv":[0,1.5,0,0],"texture":"#0"},"down":{"uv":[0,0,0,1.5],"texture":"#0"}}}]}