{"textures":{"0":"animated_java:item/wumpus/texture"},"elements":[{"from":[3,7,5],"to":[13,13,11],"rotation":{"angle":0,"axis":"y","origin":[8,7,8]},"faces":{"north":{"uv":[0,0,5,3],"texture":"#0"},"east":{"uv":[0,6,3,9],"texture":"#0"},"south":{"uv":[0,3,5,6],"texture":"#0"},"west":{"uv":[3,6,6,9],"texture":"#0"},"up":{"uv":[10,3,5,0],"texture":"#0"},"down":{"uv":[10,3,5,6],"texture":"#0"}}},{"from":[6,8,4],"to":[10,11,6],"rotation":{"angle":0,"axis":"y","origin":[8,7,8]},"faces":{"north":{"uv":[4,9,6,10.5],"texture":"#0"},"east":{"uv":[5,11.5,6,13],"texture":"#0"},"south":{"uv":[10,0,12,1.5],"texture":"#0"},"west":{"uv":[11,11.5,12,13],"texture":"#0"},"up":{"uv":[11,11,9,10],"texture":"#0"},"down":{"uv":[6,10.5,4,11.5],"texture":"#0"}}},{"from":[12,8,7],"to":[15,12,9],"rotation":{"angle":-22.5,"axis":"y","origin":[13,7,8]},"faces":{"north":{"uv":[10,1.5,11.5,3.5],"texture":"#0"},"east":{"uv":[0,11,1,13],"texture":"#0"},"south":{"uv":[10,3.5,11.5,5.5],"texture":"#0"},"west":{"uv":[1,11,2,13],"texture":"#0"},"up":{"uv":[13.5,1,12,0],"texture":"#0"},"down":{"uv":[13.5,5.5,12,6.5],"texture":"#0"}}},{"from":[1,8,7],"to":[4,12,9],"rotation":{"angle":22.5,"axis":"y","origin":[3,7,8]},"faces":{"north":{"uv":[6,10,7.5,12],"texture":"#0"},"east":{"uv":[2,11,3,13],"texture":"#0"},"south":{"uv":[7.5,10,9,12],"texture":"#0"},"west":{"uv":[3,11,4,13],"texture":"#0"},"up":{"uv":[7.5,13,6,12],"texture":"#0"},"down":{"uv":[13.5,6.5,12,7.5],"texture":"#0"}}}],"display":{"head":{"rotation":[0,180,0]}}}