{"textures":{"0":"animated_java:item/foundation_chinook/texture"},"elements":[{"from":[7.75,8,7.75],"to":[8.25,8.75,8.25],"rotation":{"angle":0,"axis":"z","origin":[8,-2,0.5]},"faces":{"north":{"uv":[3.75,10,3.875,10.25],"texture":"#0"},"east":{"uv":[10,3.75,10.125,4],"texture":"#0"},"south":{"uv":[3.875,10,4,10.25],"texture":"#0"},"west":{"uv":[10.125,3.75,10.25,4],"texture":"#0"},"up":{"uv":[5,10.5,4.875,10.375],"texture":"#0"},"down":{"uv":[5.125,10.375,5,10.5],"texture":"#0"}}}],"display":{"head":{"rotation":[0,180,0]}}}