{"block.fence_gate.close":{"replace":true,"sounds":[{"name":"empty","volume":1.0,"pitch":1.0,"weight":1,"stream":false,"attenuation_distance":16,"preload":false,"channels":2}]},"block.fence_gate.open":{"replace":true,"sounds":[{"name":"empty","volume":1.0,"pitch":1.0,"weight":1,"stream":false,"attenuation_distance":16,"preload":false,"channels":2}]},"entity.skeleton.step":{"replace":true,"sounds":[]},"entity.wither_skeleton.step":{"replace":true,"sounds":["mob/skeleton/step1","mob/skeleton/step2","mob/skeleton/step3","mob/skeleton/step4"]},"sand_step":{"replace":true,"sounds":[{"name":"step/sand1"},{"name":"step/sand2"},{"name":"step/sand3"},{"name":"step/sand4"},{"name":"step/sand5"}]},"block.sand.step":{"replace":true,"sounds":[{"name":"empty"}]},"basalt_step":{"replace":true,"sounds":[{"name":"block/basalt/step1"},{"name":"block/basalt/step2"},{"name":"block/basalt/step3"},{"name":"block/basalt/step4"},{"name":"block/basalt/step5"},{"name":"block/basalt/step6"}]},"block.basalt.step":{"replace":true,"sounds":[{"name":"empty"}]},"deepslate_step":{"replace":true,"sounds":[{"name":"block/deepslate/step1"},{"name":"block/deepslate/step2"},{"name":"block/deepslate/step3"},{"name":"block/deepslate/step4"},{"name":"block/deepslate/step5"},{"name":"block/deepslate/step6"}]},"block.deepslate.step":{"replace":true,"sounds":[{"name":"empty"}]},"wood_step":{"replace":true,"sounds":[{"name":"step/wood1"},{"name":"step/wood2"},{"name":"step/wood3"},{"name":"step/wood4"},{"name":"step/wood5"},{"name":"step/wood6"}]},"block.wood.step":{"replace":true,"sounds":[{"name":"empty"}]},"block.snow.step":{"replace":true,"sounds":[{"name":"empty"}]},"block.wool.step":{"replace":true,"sounds":[{"name":"empty"}]},"block.stone.step":{"replace":true,"sounds":[{"name":"empty"}]},"no_damage":{"replace":true,"sounds":[{"name":"entity/player/attack/weak1"},{"name":"entity/player/attack/weak2"},{"name":"entity/player/attack/weak3"},{"name":"entity/player/attack/weak4"}]},"entity.player.attack.nodamage":{"replace":true,"sounds":[{"name":"empty"}]},"michael.empty":{"sounds":[{"name":"michael/empty"},{"name":"michael/empty2"}]},"michael.work":{"sounds":[{"name":"michael/work","attenuation_distance":16},{"name":"michael/work2","attenuation_distance":16}]},"michael.start":{"sounds":[{"name":"michael/michael","attenuation_distance":16}]},"michael.fail":{"sounds":[{"name":"michael/fail"},{"name":"michael/fail2"}]},"radio.use":{"sounds":[{"name":"radio"}]},"flash.long":{"sounds":[{"name":"flash/long"}]},"flash.short":{"sounds":[{"name":"flash/short"}]},"flash.mini":{"sounds":[{"name":"flash/mini"}]},"voices":{"sounds":[{"name":"voice/v1"},{"name":"voice/v2"},{"name":"voice/v3"},{"name":"voice/v4"},{"name":"voice/v5"}]},"whispers":{"sounds":[{"name":"whisper/w1"},{"name":"whisper/w2"},{"name":"whisper/w3"},{"name":"whisper/w4"},{"name":"whisper/w5"}]},"aurora.theme":{"sounds":[{"name":"aurora"}]},"ares.0":{"sounds":[{"name":"ares/0"}]},"ares.1":{"sounds":[{"name":"ares/1"}]},"ares.2":{"sounds":[{"name":"ares/2"}]},"ares.3":{"sounds":[{"name":"ares/3"}]},"ares.4":{"sounds":[{"name":"ares/4"}]},"ares.5":{"sounds":[{"name":"ares/5"}]},"ares.6":{"sounds":[{"name":"ares/6"}]},"ares.7":{"sounds":[{"name":"ares/7"}]},"ares.8":{"sounds":[{"name":"ares/8"}]},"ares.9":{"sounds":[{"name":"ares/9"}]},"ares.10":{"sounds":[{"name":"ares/10"}]},"ares.20":{"sounds":[{"name":"ares/20"}]},"ares.30":{"sounds":[{"name":"ares/30"}]},"ares.40":{"sounds":[{"name":"ares/40"}]},"ares.50":{"sounds":[{"name":"ares/50"}]},"ares.60":{"sounds":[{"name":"ares/60"}]},"ares.70":{"sounds":[{"name":"ares/70"}]},"ares.80":{"sounds":[{"name":"ares/80"}]},"ares.90":{"sounds":[{"name":"ares/90"}]},"ares.hundred":{"sounds":[{"name":"ares/hundred"}]},"ares.alpha":{"sounds":[{"name":"ares/alpha"}]},"ares.bravo":{"sounds":[{"name":"ares/bravo"}]},"ares.charlie":{"sounds":[{"name":"ares/charlie"}]},"ares.delta":{"sounds":[{"name":"ares/delta"}]},"ares.echo":{"sounds":[{"name":"ares/echo"}]},"ares.golf":{"sounds":[{"name":"ares/golf"}]},"ares.hotel":{"sounds":[{"name":"ares/hotel"}]},"ares.india":{"sounds":[{"name":"ares/india"}]},"ares.kilo":{"sounds":[{"name":"ares/kilo"}]},"ares.mike":{"sounds":[{"name":"ares/mike"}]},"ares.romeo":{"sounds":[{"name":"ares/romeo"}]},"ares.tango":{"sounds":[{"name":"ares/tango"}]},"ares.whiskey":{"sounds":[{"name":"ares/whiskey"}]},"ares.x-ray":{"sounds":[{"name":"ares/x-ray"}]},"ares.anomalies":{"sounds":[{"name":"ares/anomalies"}]},"ares.anomaly":{"sounds":[{"name":"ares/anomaly"}]},"ares.attention":{"sounds":[{"name":"ares/attention"}]},"ares.bio":{"sounds":[{"name":"ares/bio"}]},"ares.contained":{"sounds":[{"name":"ares/contained"}]},"ares.danger":{"sounds":[{"name":"ares/danger"}]},"ares.decon":{"sounds":[{"name":"ares/decon"}]},"ares.deconstart":{"sounds":[{"name":"ares/deconstart"}]},"ares.dstart":{"sounds":[{"name":"ares/dstart"}]},"ares.has":{"sounds":[{"name":"ares/has"}]},"ares.heavy":{"sounds":[{"name":"ares/heavy"}]},"ares.light":{"sounds":[{"name":"ares/light"}]},"ares.minutes":{"sounds":[{"name":"ares/minutes"}]},"ares.mtf":{"sounds":[{"name":"ares/mtf"}]},"ares.nukecancel":{"sounds":[{"name":"ares/nukecancel"}]},"ares.nukeresume":{"sounds":[{"name":"ares/nukeresume"}]},"ares.nukestart":{"sounds":[{"name":"ares/nukestart"}]},"ares.safety":{"sounds":[{"name":"ares/safety"}]},"ares.seconds":{"sounds":[{"name":"ares/seconds"}]},"ares.waiting":{"sounds":[{"name":"ares/waiting"}]},"ares.checkpoint":{"sounds":[{"name":"ares/checkpoint"}]},"item.soda_open":{"sounds":[{"name":"items/soda_open"}]},"item.goat_horn.sound.0":{"replace":true,"sounds":[{"name":"empty"}]},"item.camera_beep":{"sounds":[{"name":"items/camera_beep"}]},"item.camera_use":{"sounds":[{"name":"items/camera_picture"}]},"item.jammer":{"sounds":[{"name":"items/jammer"}]},"item.489":{"sounds":[{"name":"items/489"}]},"item.smokealarm":{"sounds":[{"name":"items/smokealarm"}]},"honk":{"sounds":[{"name":"masks/honk1"},{"name":"masks/honk2"},{"name":"masks/honk3"},{"name":"masks/honk4"},{"name":"masks/honk6"},{"name":"masks/honk5"}]},"kiss":{"sounds":[{"name":"masks/kiss"}]},"carefree":{"sounds":[{"name":"carefree"}]},"decon":{"sounds":[{"name":"decon"}]}}