{
    "targets": {
        "swap": {}
    },
    "passes": [
        {
            "vertex_shader": "minecraft:post/sobel",
            "fragment_shader": "minecraft:program/entity_sobel",
            "inputs": [
                {
                    "sampler_name": "In",
                    "target": "minecraft:entity_outline"
                }
            ],
            "output": "swap"
        },
        {
            "vertex_shader": "minecraft:post/blit",
            "fragment_shader": "minecraft:post/blit",
            "inputs": [
                {
                    "sampler_name": "In",
                    "target": "swap"
                }
            ],
            "uniforms": {
                "BlitConfig": [
                    {
                        "name": "ColorModulate",
                        "type": "vec4",
                        "value": [ 1.0, 1.0, 1.0, 1.0 ]
                    }
                ]
            },
            "output": "minecraft:entity_outline"
        }
    ]
}