{"display":{"thirdperson_righthand":{"translation":[0,3.5,0.25],"scale":[0.8,0.8,0.8]},"thirdperson_lefthand":{"translation":[0,3.5,0.25],"scale":[0.8,0.8,0.8]},"firstperson_righthand":{"rotation":[1,0,0],"translation":[0,16.25,-1.25]},"firstperson_lefthand":{"rotation":[1,0,0],"translation":[0,16.25,-1.25]},"ground":{"translation":[0,4.25,0]},"gui":{"rotation":[132.52,66.07,-153.32],"translation":[1.25,4.25,0],"scale":[1.20898,1.20898,1.20898]}},"texture_size":[32,32],"textures":{"0":"item/gear/pistol","particle":"item/gear/pistol"},"elements":[{"from":[8,2,7],"to":[8,4,10],"rotation":{"angle":0,"axis":"y","origin":[8,-19,20]},"faces":{"north":{"uv":[1.5,3,1.5,4],"texture":"#0"},"east":{"uv":[0,3,1.5,4],"texture":"#0"},"south":{"uv":[3,3,3,4],"texture":"#0"},"west":{"uv":[1.5,3,3,4],"texture":"#0"},"up":{"uv":[1.5,3,1.5,1.5],"texture":"#0"},"down":{"uv":[1.5,1.5,1.5,3],"texture":"#0"}}},{"from":[7.01,0.01,9.01],"to":[8.99,4.49,10.99],"rotation":{"angle":-22.5,"axis":"x","origin":[8,3,10]},"faces":{"north":{"uv":[7.5,2.5,8.5,4.5],"texture":"#0"},"east":{"uv":[6.5,2.5,7.5,4.5],"texture":"#0"},"south":{"uv":[9.5,2.5,10.5,4.5],"texture":"#0"},"west":{"uv":[8.5,2.5,9.5,4.5],"texture":"#0"},"up":{"uv":[8.5,2.5,7.5,1.5],"texture":"#0"},"down":{"uv":[9.5,1.5,8.5,2.5],"texture":"#0"}}},{"from":[8,4.93253,10.01851],"to":[8,6.93253,11.01851],"rotation":{"angle":45,"axis":"x","origin":[8,6,11]},"faces":{"north":{"uv":[3.5,0.5,3.5,1.5],"texture":"#0"},"east":{"uv":[3,0.5,3.5,1.5],"texture":"#0"},"south":{"uv":[4,0.5,4,1.5],"texture":"#0"},"west":{"uv":[3.5,0.5,4,1.5],"texture":"#0"},"up":{"uv":[3.5,0.5,3.5,0],"texture":"#0"},"down":{"uv":[3.5,0,3.5,0.5],"texture":"#0"}}},{"from":[7,4,3],"to":[9,6,12],"rotation":{"angle":0,"axis":"y","origin":[8,-19,20]},"faces":{"north":{"uv":[4.5,4.5,5.5,5.5],"texture":"#0"},"east":{"uv":[0,4.5,4.5,5.5],"texture":"#0"},"south":{"uv":[10,4.5,11,5.5],"texture":"#0"},"west":{"uv":[5.5,4.5,10,5.5],"texture":"#0"},"up":{"uv":[5.5,4.5,4.5,0],"texture":"#0"},"down":{"uv":[6.5,0,5.5,4.5],"texture":"#0"}}}]}