{"display":{"thirdperson_righthand":{"rotation":[90,0,0],"translation":[1.5,-3.25,3]},"thirdperson_lefthand":{"rotation":[-90.03,-1.26,180],"translation":[1.5,-0.75,3]},"firstperson_righthand":{"rotation":[126.29,-13.99,-17.06],"translation":[3,-0.75,-2.25]},"firstperson_lefthand":{"rotation":[-68.68,20.62,-177.31],"translation":[4.75,0.75,-1.75]},"ground":{"rotation":[2.42,-19.09,107.54],"scale":[1,0.63867,1]},"gui":{"rotation":[-32.05,-42.33,111.07],"translation":[0,3.25,0],"scale":[1.3,1.3,1.3]},"head":{"rotation":[-124.77,57.75,-175.92],"translation":[1.75,-0.5,-10.25]},"fixed":{"rotation":[132,90,0]}},"texture_size":[64,64],"textures":{"0":"item/entities/claw","particle":"item/entities/claw"},"elements":[{"from":[5,4.75,5.2],"to":[7.6,15.25,8.4],"faces":{"north":{"uv":[11,5,11.75,8],"texture":"#0"},"east":{"uv":[10,5,11,8],"texture":"#0"},"south":{"uv":[12.75,5,13.5,8],"texture":"#0"},"west":{"uv":[11.75,5,12.75,8],"texture":"#0"},"up":{"uv":[11,4,11.75,5],"texture":"#0"},"down":{"uv":[11.75,4,12.5,5],"texture":"#0"}}},{"from":[5,4.75,5.2],"to":[7.6,15.25,8.4],"faces":{"north":{"uv":[11,5,11.75,8],"texture":"#0"},"east":{"uv":[10,5,11,8],"texture":"#0"},"south":{"uv":[12.75,5,13.5,8],"texture":"#0"},"west":{"uv":[11.75,5,12.75,8],"texture":"#0"},"up":{"uv":[11,4,11.75,5],"texture":"#0"},"down":{"uv":[11.75,4,12.5,5],"texture":"#0"}}},{"from":[6.75,3.5,7.75],"to":[7.75,5.5,8.75],"rotation":{"angle":0,"axis":"y","origin":[6.98483,5.48483,8.25]},"faces":{"north":{"uv":[4.25,0.25,4.5,0.75],"texture":"#0"},"east":{"uv":[4.25,0.25,4.5,0.75],"texture":"#0"},"south":{"uv":[4.25,0.25,4.5,0.75],"texture":"#0"},"west":{"uv":[4.25,0.25,4.5,0.75],"texture":"#0"},"up":{"uv":[4.25,0.25,4.5,0.5],"texture":"#0"},"down":{"uv":[4.25,0.25,4.5,0.5],"texture":"#0"}}},{"from":[8.57583,2.51884,7.75],"to":[8.57583,4.51884,8.75],"rotation":{"angle":-45,"axis":"z","origin":[6.98483,5.48483,8.25]},"faces":{"north":{"uv":[4.25,0.25,4.25,0.75],"texture":"#0"},"east":{"uv":[4.25,0.25,4.5,0.75],"texture":"#0"},"south":{"uv":[4.25,0.25,4.25,0.75],"texture":"#0"},"west":{"uv":[4.25,0.25,4.5,0.75],"texture":"#0"},"up":{"uv":[4.25,0.25,4.25,0.5],"texture":"#0"},"down":{"uv":[4.25,0.25,4.25,0.5],"texture":"#0"}}},{"from":[6.75,3.5,6.25],"to":[7.75,5.5,7.25],"rotation":{"angle":22.5,"axis":"z","origin":[6.98483,5.48483,6.75]},"faces":{"north":{"uv":[4.25,0.25,4.5,0.75],"texture":"#0"},"east":{"uv":[4.25,0.25,4.5,0.75],"texture":"#0"},"south":{"uv":[4.25,0.25,4.5,0.75],"texture":"#0"},"west":{"uv":[4.25,0.25,4.5,0.75],"texture":"#0"},"up":{"uv":[4.25,0.25,4.5,0.5],"texture":"#0"},"down":{"uv":[4.25,0.25,4.5,0.5],"texture":"#0"}}},{"from":[8.57583,2.51884,6.25],"to":[8.57583,4.51884,7.25],"rotation":{"angle":-22.5,"axis":"z","origin":[6.98483,5.48483,6.75]},"faces":{"north":{"uv":[4.25,0.25,4.25,0.75],"texture":"#0"},"east":{"uv":[4.25,0.25,4.5,0.75],"texture":"#0"},"south":{"uv":[4.25,0.25,4.25,0.75],"texture":"#0"},"west":{"uv":[4.25,0.25,4.5,0.75],"texture":"#0"},"up":{"uv":[4.25,0.25,4.25,0.5],"texture":"#0"},"down":{"uv":[4.25,0.25,4.25,0.5],"texture":"#0"}}},{"from":[6.75,3.5,4.75],"to":[7.75,5.5,5.75],"rotation":{"angle":0,"axis":"z","origin":[6.98483,5.48483,5.25]},"faces":{"north":{"uv":[4.25,0.25,4.5,0.75],"texture":"#0"},"east":{"uv":[4.25,0.25,4.5,0.75],"texture":"#0"},"south":{"uv":[4.25,0.25,4.5,0.75],"texture":"#0"},"west":{"uv":[4.25,0.25,4.5,0.75],"texture":"#0"},"up":{"uv":[4.25,0.25,4.5,0.5],"texture":"#0"},"down":{"uv":[4.25,0.25,4.5,0.5],"texture":"#0"}}},{"from":[8.57583,2.51884,4.75],"to":[8.57583,4.51884,5.75],"rotation":{"angle":-45,"axis":"z","origin":[6.98483,5.48483,5.25]},"faces":{"north":{"uv":[4.25,0.25,4.25,0.75],"texture":"#0"},"east":{"uv":[4.25,0.25,4.5,0.75],"texture":"#0"},"south":{"uv":[4.25,0.25,4.25,0.75],"texture":"#0"},"west":{"uv":[4.25,0.25,4.5,0.75],"texture":"#0"},"up":{"uv":[4.25,0.25,4.25,0.5],"texture":"#0"},"down":{"uv":[4.25,0.25,4.25,0.5],"texture":"#0"}}}],"gui_light":"front"}