{"display":{"head":{"translation":[0,6.75,0],"scale":[1.6,1.6,1.6]}},"texture_size":[9,6],"textures":{"0":"item/entities/hear","particle":"item/entities/hear"},"elements":[{"from":[12,1,6],"to":[15,7,6],"faces":{"north":{"uv":[0,0,5.33333,16],"texture":"#0"},"east":{"uv":[0,0,0,6],"texture":"#0"},"south":{"uv":[5.33333,0,0,16],"texture":"#0"},"west":{"uv":[0,0,0,6],"texture":"#0"},"up":{"uv":[0,0,3,0],"texture":"#0"},"down":{"uv":[0,0,3,0],"texture":"#0"}}},{"from":[12,1,8],"to":[15,7,8],"faces":{"north":{"uv":[5.33333,0,10.66667,16],"texture":"#0"},"east":{"uv":[0,0,0,6],"texture":"#0"},"south":{"uv":[10.66667,0,5.33333,16],"texture":"#0"},"west":{"uv":[0,0,0,6],"texture":"#0"},"up":{"uv":[0,0,3,0],"texture":"#0"},"down":{"uv":[0,0,3,0],"texture":"#0"}}},{"from":[12,1,10],"to":[15,7,10],"faces":{"north":{"uv":[10.66667,0,16,16],"texture":"#0"},"east":{"uv":[0,0,0,6],"texture":"#0"},"south":{"uv":[16,0,10.66667,16],"texture":"#0"},"west":{"uv":[0,0,0,6],"texture":"#0"},"up":{"uv":[0,0,3,0],"texture":"#0"},"down":{"uv":[0,0,3,0],"texture":"#0"}}},{"from":[7.7,6.2,8.1],"to":[8.7,9.2,9.1],"rotation":{"angle":-45,"axis":"z","origin":[5,0,0]},"faces":{"north":{"uv":[14.22222,8,16,16],"texture":"#0"},"east":{"uv":[14.22222,8,16,16],"texture":"#0"},"south":{"uv":[14.22222,8,16,16],"texture":"#0"},"west":{"uv":[14.22222,8,16,16],"texture":"#0"},"up":{"uv":[14.22222,13.33333,16,16],"texture":"#0"},"down":{"uv":[14.22222,8,16,10.66667],"texture":"#0"}}},{"from":[9.3,7.2,8.1],"to":[10.3,10.2,9.1],"rotation":{"angle":-22.5,"axis":"z","origin":[5,0,0]},"faces":{"north":{"uv":[14.22222,8,16,16],"texture":"#0"},"east":{"uv":[14.22222,8,16,16],"texture":"#0"},"south":{"uv":[14.22222,8,16,16],"texture":"#0"},"west":{"uv":[14.22222,8,16,16],"texture":"#0"},"up":{"uv":[14.22222,13.33333,16,16],"texture":"#0"},"down":{"uv":[14.22222,8,16,10.66667],"texture":"#0"}}},{"from":[1,1,6],"to":[4,7,6],"faces":{"north":{"uv":[5.33333,0,0,16],"texture":"#0"},"east":{"uv":[0,0,0,6],"texture":"#0"},"south":{"uv":[0,0,5.33333,16],"texture":"#0"},"west":{"uv":[0,0,0,6],"texture":"#0"},"up":{"uv":[0,0,3,0],"texture":"#0"},"down":{"uv":[0,0,3,0],"texture":"#0"}}},{"from":[1,1,8],"to":[4,7,8],"faces":{"north":{"uv":[10.66667,0,5.33333,16],"texture":"#0"},"east":{"uv":[0,0,0,6],"texture":"#0"},"south":{"uv":[5.33333,0,10.66667,16],"texture":"#0"},"west":{"uv":[0,0,0,6],"texture":"#0"},"up":{"uv":[0,0,3,0],"texture":"#0"},"down":{"uv":[0,0,3,0],"texture":"#0"}}},{"from":[1,1,10],"to":[4,7,10],"faces":{"north":{"uv":[16,0,10.66667,16],"texture":"#0"},"east":{"uv":[0,0,0,6],"texture":"#0"},"south":{"uv":[10.66667,0,16,16],"texture":"#0"},"west":{"uv":[0,0,0,6],"texture":"#0"},"up":{"uv":[0,0,3,0],"texture":"#0"},"down":{"uv":[0,0,3,0],"texture":"#0"}}},{"from":[5,3,8.1],"to":[6,6,9.1],"rotation":{"angle":22.5,"axis":"z","origin":[0,0,0]},"faces":{"north":{"uv":[14.22222,8,16,16],"texture":"#0"},"east":{"uv":[14.22222,8,16,16],"texture":"#0"},"south":{"uv":[14.22222,8,16,16],"texture":"#0"},"west":{"uv":[14.22222,8,16,16],"texture":"#0"},"up":{"uv":[14.22222,13.33333,16,16],"texture":"#0"},"down":{"uv":[14.22222,8,16,10.66667],"texture":"#0"}}},{"from":[4,-1.6,8.1],"to":[5,1.4,9.1],"rotation":{"angle":45,"axis":"z","origin":[0,0,0]},"faces":{"north":{"uv":[14.22222,8,16,16],"texture":"#0"},"east":{"uv":[14.22222,8,16,16],"texture":"#0"},"south":{"uv":[14.22222,8,16,16],"texture":"#0"},"west":{"uv":[14.22222,8,16,16],"texture":"#0"},"up":{"uv":[14.22222,13.33333,16,16],"texture":"#0"},"down":{"uv":[14.22222,8,16,10.66667],"texture":"#0"}}}]}