{"display":{"thirdperson_righthand":{"translation":[0,2.25,0.25],"scale":[0.75,0.75,0.75]},"thirdperson_lefthand":{"translation":[0,2.25,0.25],"scale":[0.75,0.75,0.75]},"firstperson_righthand":{"rotation":[1,1.75,0],"translation":[0,15.5,0]},"firstperson_lefthand":{"rotation":[1,1.75,0],"translation":[0,15.5,0]},"ground":{"translation":[0,2,0],"scale":[0.75,0.75,0.75]},"gui":{"rotation":[160,45,-180],"translation":[0,3.25,0],"scale":[1.17,1.17,1.17]},"fixed":{"rotation":[0,-87.75,0],"translation":[0,3,0]}},"textures":{"0":"item/gear/party","particle":"item/gear/party"},"elements":[{"from":[7,0,10],"to":[9,5,12],"rotation":{"angle":-45,"axis":"x","origin":[8,5,11]},"faces":{"north":{"uv":[10,3,12,8],"texture":"#0"},"east":{"uv":[10,8,12,13],"texture":"#0"},"south":{"uv":[0,11,2,16],"texture":"#0"},"west":{"uv":[2,11,4,16],"texture":"#0"},"up":{"uv":[10,5,8,3],"texture":"#0"},"down":{"uv":[10,5,8,7],"texture":"#0"}}},{"from":[6.5,4,8],"to":[9.5,7,12],"faces":{"north":{"uv":[11,0,14,3],"texture":"#0"},"east":{"uv":[4,4,8,7],"texture":"#0"},"south":{"uv":[4,11,7,14],"texture":"#0"},"west":{"uv":[7,0,11,3],"texture":"#0"},"up":{"uv":[7,11,4,7],"texture":"#0"},"down":{"uv":[10,7,7,11],"texture":"#0"}}},{"from":[7,5,1],"to":[9,7,8],"faces":{"north":{"uv":[12,5,14,7],"texture":"#0"},"east":{"uv":[0,0,7,2],"texture":"#0"},"south":{"uv":[12,7,14,9],"texture":"#0"},"west":{"uv":[0,2,7,4],"texture":"#0"},"up":{"uv":[2,11,0,4],"texture":"#0"},"down":{"uv":[4,4,2,11],"texture":"#0"}}},{"from":[8,3,6],"to":[8.01,5,9],"faces":{"north":{"uv":[0,0,0,2],"texture":"#0"},"east":{"uv":[7,11,10,13],"texture":"#0"},"south":{"uv":[0,0,0,2],"texture":"#0"},"west":{"uv":[12,3,15,5],"texture":"#0"},"up":{"uv":[0,3,0,0],"texture":"#0"},"down":{"uv":[0,0,0,3],"texture":"#0"}}},{"from":[8,5,11],"to":[8.01,6,13],"rotation":{"angle":-22.5,"axis":"x","origin":[8,5.5,12]},"faces":{"north":{"uv":[0,0,0,1],"texture":"#0"},"east":{"uv":[12,11,14,12],"texture":"#0"},"south":{"uv":[0,0,0,1],"texture":"#0"},"west":{"uv":[12,12,14,13],"texture":"#0"},"up":{"uv":[0,2,0,0],"texture":"#0"},"down":{"uv":[0,0,0,2],"texture":"#0"}}},{"from":[8,7,1],"to":[8.01,8,3],"faces":{"north":{"uv":[0,0,0,1],"texture":"#0"},"east":{"uv":[12,9,14,10],"texture":"#0"},"south":{"uv":[0,0,0,1],"texture":"#0"},"west":{"uv":[12,10,14,11],"texture":"#0"},"up":{"uv":[0,2,0,0],"texture":"#0"},"down":{"uv":[0,0,0,2],"texture":"#0"}}}]}