{"display":{"thirdperson_righthand":{"translation":[-1,2.5,0],"scale":[0.65,0.65,0.65]},"thirdperson_lefthand":{"translation":[-1,2.5,0],"scale":[0.65,0.65,0.65]},"firstperson_righthand":{"rotation":[6.9,32.36,-12.76],"translation":[2,4.75,-2.5]},"firstperson_lefthand":{"rotation":[-175.16,-34.42,-154.85],"translation":[2,4.75,-2.5]},"ground":{"translation":[0,2,0],"scale":[0.64,0.64,0.64]},"gui":{"rotation":[-167.75,40.75,-180],"translation":[0,5.25,0],"scale":[1.35,1.35,1.35]}},"texture_size":[32,32],"textures":{"0":"item/gear/ammoboxes/heavy","particle":"item/gear/ammoboxes/heavy"},"elements":[{"from":[5,0,4],"to":[11,5,12],"faces":{"north":{"uv":[6,7,9,9.5],"texture":"#0"},"east":{"uv":[6,4.5,10,7],"texture":"#0"},"south":{"uv":[0,8.5,3,11],"texture":"#0"},"west":{"uv":[7,0,11,2.5],"texture":"#0"},"up":{"uv":[3,8.5,0,4.5],"texture":"#0"},"down":{"uv":[6,4.5,3,8.5],"texture":"#0"}}},{"from":[4.5,5,3.5],"to":[11.5,7,12.5],"faces":{"north":{"uv":[9,7,12.5,8],"texture":"#0"},"east":{"uv":[7,2.5,11.5,3.5],"texture":"#0"},"south":{"uv":[9,8,12.5,9],"texture":"#0"},"west":{"uv":[7,3.5,11.5,4.5],"texture":"#0"},"up":{"uv":[3.5,4.5,0,0],"texture":"#0"},"down":{"uv":[7,0,3.5,4.5],"texture":"#0"}}},{"from":[4.5,3,6],"to":[4.51,5,10],"rotation":{"angle":-22.5,"axis":"z","origin":[4.505,5,8]},"faces":{"north":{"uv":[0,0,0,1],"texture":"#0"},"east":{"uv":[3,8.5,5,9.5],"texture":"#0"},"south":{"uv":[0,0,0,1],"texture":"#0"},"west":{"uv":[9,9,11,10],"texture":"#0"},"up":{"uv":[0,2,0,0],"texture":"#0"},"down":{"uv":[0,0,0,2],"texture":"#0"}}}]}