{"display":{"thirdperson_righthand":{"rotation":[86.75,1,0],"translation":[0,-2,-0.75]},"thirdperson_lefthand":{"rotation":[86.75,1,0],"translation":[0,-2,-0.75]},"firstperson_righthand":{"rotation":[6.9,32.36,-12.76],"translation":[2,4.75,-2.5]},"firstperson_lefthand":{"rotation":[-175.16,-34.42,-154.85],"translation":[2,4.75,-2.5]},"ground":{"translation":[0,4,0],"scale":[0.95,0.95,0.95]},"gui":{"rotation":[-167.75,40.75,-180],"translation":[0,4.25,0],"scale":[1.25,1.25,1.25]}},"texture_size":[32,32],"textures":{"0":"item/gear/ammoboxes/munitions","particle":"item/gear/ammoboxes/munitions"},"elements":[{"from":[5,0,4],"to":[11,5,12],"faces":{"north":{"uv":[6,7,9,9.5],"texture":"#0"},"east":{"uv":[6,4.5,10,7],"texture":"#0"},"south":{"uv":[0,8.5,3,11],"texture":"#0"},"west":{"uv":[7,0,11,2.5],"texture":"#0"},"up":{"uv":[3,8.5,0,4.5],"texture":"#0"},"down":{"uv":[6,4.5,3,8.5],"texture":"#0"}}},{"from":[4.5,5,3.5],"to":[11.5,7,12.5],"faces":{"north":{"uv":[9,7,12.5,8],"texture":"#0"},"east":{"uv":[7,2.5,11.5,3.5],"texture":"#0"},"south":{"uv":[9,8,12.5,9],"texture":"#0"},"west":{"uv":[7,3.5,11.5,4.5],"texture":"#0"},"up":{"uv":[3.5,4.5,0,0],"texture":"#0"},"down":{"uv":[7,0,3.5,4.5],"texture":"#0"}}},{"from":[4.5,3,6],"to":[4.51,5,10],"rotation":{"angle":-22.5,"axis":"z","origin":[4.505,5,8]},"faces":{"north":{"uv":[0,0,0,1],"texture":"#0"},"east":{"uv":[9,9,11,10],"texture":"#0"},"south":{"uv":[0,0,0,1],"texture":"#0"},"west":{"uv":[5,9.5,7,10.5],"texture":"#0"},"up":{"uv":[0,2,0,0],"texture":"#0"},"down":{"uv":[0,0,0,2],"texture":"#0"}}},{"from":[7,7,11],"to":[9,10,11.01],"faces":{"north":{"uv":[7,9.5,8,11],"texture":"#0"},"east":{"uv":[0,0,0,1.5],"texture":"#0"},"south":{"uv":[8,9.5,9,11],"texture":"#0"},"west":{"uv":[0,0,0,1.5],"texture":"#0"},"up":{"uv":[1,0,0,0],"texture":"#0"},"down":{"uv":[1,0,0,0],"texture":"#0"}}},{"from":[7,7,5],"to":[9,10,5.01],"faces":{"north":{"uv":[10,4.5,11,6],"texture":"#0"},"east":{"uv":[0,0,0,1.5],"texture":"#0"},"south":{"uv":[9,10,10,11.5],"texture":"#0"},"west":{"uv":[0,0,0,1.5],"texture":"#0"},"up":{"uv":[1,0,0,0],"texture":"#0"},"down":{"uv":[1,0,0,0],"texture":"#0"}}},{"from":[7,10,5],"to":[9,10.01,11],"faces":{"north":{"uv":[0,0,1,0],"texture":"#0"},"east":{"uv":[0,0,3,0],"texture":"#0"},"south":{"uv":[0,0,1,0],"texture":"#0"},"west":{"uv":[0,0,3,0],"texture":"#0"},"up":{"uv":[4,11.5,3,8.5],"texture":"#0"},"down":{"uv":[5,8.5,4,11.5],"texture":"#0"}}}]}