{"display":{"thirdperson_righthand":{"translation":[-1.25,2.75,0],"scale":[0.7,0.7,0.7]},"thirdperson_lefthand":{"rotation":[180,0,180],"translation":[-1.25,2.75,0],"scale":[0.7,0.7,0.7]},"firstperson_righthand":{"rotation":[6.9,32.36,-12.76],"translation":[2,4.75,-2.5]},"firstperson_lefthand":{"rotation":[-175.16,-34.42,-154.85],"translation":[2,4.75,-2.5]},"ground":{"translation":[0,3,0],"scale":[0.85,0.85,0.85]},"gui":{"rotation":[-167.75,40.75,-180],"translation":[0,6.5,0],"scale":[1.5,1.5,1.5]}},"texture_size":[32,32],"textures":{"0":"item/gear/ammoboxes/small","particle":"item/gear/ammoboxes/small"},"elements":[{"from":[5,0,5],"to":[11,4,11],"faces":{"north":{"uv":[3.5,6,6.5,8],"texture":"#0"},"east":{"uv":[6.5,0,9.5,2],"texture":"#0"},"south":{"uv":[6.5,2,9.5,4],"texture":"#0"},"west":{"uv":[6.5,4,9.5,6],"texture":"#0"},"up":{"uv":[6.5,3,3.5,0],"texture":"#0"},"down":{"uv":[6.5,3,3.5,6],"texture":"#0"}}},{"from":[4.5,4,4.5],"to":[11.5,6,11.5],"faces":{"north":{"uv":[6.5,6,10,7],"texture":"#0"},"east":{"uv":[0,7,3.5,8],"texture":"#0"},"south":{"uv":[6.5,7,10,8],"texture":"#0"},"west":{"uv":[0,8,3.5,9],"texture":"#0"},"up":{"uv":[3.5,3.5,0,0],"texture":"#0"},"down":{"uv":[3.5,3.5,0,7],"texture":"#0"}}},{"from":[4.5,2,6],"to":[4.51,4,10],"rotation":{"angle":-22.5,"axis":"z","origin":[4.505,4,8]},"faces":{"north":{"uv":[0,0,0,1],"texture":"#0"},"east":{"uv":[3.5,8,5.5,9],"texture":"#0"},"south":{"uv":[0,0,0,1],"texture":"#0"},"west":{"uv":[5.5,8,7.5,9],"texture":"#0"},"up":{"uv":[0,2,0,0],"texture":"#0"},"down":{"uv":[0,0,0,2],"texture":"#0"}}}]}