{"display":{"thirdperson_righthand":{"translation":[0,4.75,0.25]},"thirdperson_lefthand":{"translation":[0,4.75,0.25]},"firstperson_righthand":{"rotation":[19.39,21.36,-35.18],"translation":[8.25,13.5,-5]},"firstperson_lefthand":{"rotation":[19.39,21.36,-35.18],"translation":[8.25,13.5,-5]},"ground":{"translation":[0,3.75,0]},"gui":{"rotation":[165,45,180],"translation":[0.5,3,0],"scale":[0.8418,0.8418,0.8418]},"head":{"translation":[0,0,-18]},"fixed":{"rotation":[0,90,0],"translation":[0,4.25,0]}},"texture_size":[32,32],"textures":{"0":"item/gear/pump","particle":"item/gear/pump"},"elements":[{"from":[7,2,2],"to":[9,4,9],"rotation":{"angle":0,"axis":"y","origin":[8,3.25,6.90485]},"faces":{"north":{"uv":[8,1,7,2],"texture":"#0"},"east":{"uv":[8,2,4.5,3],"texture":"#0"},"south":{"uv":[7,6,6,7],"texture":"#0"},"west":{"uv":[8,3,4.5,4],"texture":"#0"},"up":{"uv":[2,4,1,7.5],"texture":"#0"},"down":{"uv":[3,7.5,2,4],"texture":"#0"}}},{"from":[7,5.27542,11.24902],"to":[9,7.27542,18.24902],"rotation":{"angle":22.5,"axis":"x","origin":[8,3.25,6.90485]},"faces":{"north":{"uv":[6,6,5,7],"texture":"#0"},"east":{"uv":[3.5,2,0,3],"texture":"#0"},"south":{"uv":[7,1,6,2],"texture":"#0"},"west":{"uv":[3.5,3,0,4],"texture":"#0"},"up":{"uv":[4.5,2,3.5,5.5],"texture":"#0"},"down":{"uv":[1,7.5,0,4],"texture":"#0"}}},{"from":[7.5,4,-4],"to":[8.5,5,1],"rotation":{"angle":0,"axis":"y","origin":[8,3.25,6.90485]},"faces":{"north":{"uv":[6,7,5.5,7.5],"texture":"#0"},"east":{"uv":[8.5,0,6,0.5],"texture":"#0"},"south":{"uv":[7.5,5,7,5.5],"texture":"#0"},"west":{"uv":[8.5,0.5,6,1],"texture":"#0"},"up":{"uv":[4,5.5,3.5,8],"texture":"#0"},"down":{"uv":[4.5,8,4,5.5],"texture":"#0"}}},{"from":[7.5,3,1],"to":[8.5,5,13],"rotation":{"angle":0,"axis":"y","origin":[8,3.25,6.90485]},"faces":{"north":{"uv":[5.5,7,5,8],"texture":"#0"},"east":{"uv":[6,0,0,1],"texture":"#0"},"south":{"uv":[7.5,4,7,5],"texture":"#0"},"west":{"uv":[6,1,0,2],"texture":"#0"},"up":{"uv":[3.5,4,3,10],"texture":"#0"},"down":{"uv":[5,10,4.5,4],"texture":"#0"}}},{"from":[8,1,10],"to":[8,3,14],"rotation":{"angle":0,"axis":"y","origin":[8,3.25,6.90485]},"faces":{"north":{"uv":[0,0,0,1],"texture":"#0"},"east":{"uv":[7,4,5,5],"texture":"#0"},"south":{"uv":[0,0,0,1],"texture":"#0"},"west":{"uv":[7,5,5,6],"texture":"#0"},"up":{"uv":[0,0,0,2],"texture":"#0"},"down":{"uv":[0,2,0,0],"texture":"#0"}}}]}