{"display":{"thirdperson_righthand":{"rotation":[-101,90,0],"translation":[0,-2.25,0.75]},"thirdperson_lefthand":{"rotation":[-101,-90,0],"translation":[0,-2.25,0.75]},"firstperson_righthand":{"rotation":[-18.95,-90,8.73],"translation":[-0.25,4.25,1.5],"scale":[0.7,0.7,0.7]},"firstperson_lefthand":{"rotation":[-18.95,90,-8.73],"translation":[-0.25,4.25,1.5],"scale":[0.7,0.7,0.7]},"ground":{"translation":[0,1.5,0]},"gui":{"translation":[0,0.25,0],"scale":[1.1,1.1,1.1]},"head":{"rotation":[-45,90,0],"scale":[2,2,1.25]}},"parent":"minecraft:item/handheld","textures":{"layer0":"item/entities/bonespear"}}