{"elements":[{"from":[0,0,1],"to":[0.5,32,15],"faces":{"north":{"uv":[0,0,0.53333,16],"texture":"#1"},"east":{"uv":[0.53333,0,8,16],"texture":"#1"},"south":{"uv":[0,0,0.53333,16],"texture":"#1"},"west":{"uv":[0.53333,0,8,16],"texture":"#1"},"up":{"uv":[12.26667,3.5,12.8,10.5],"texture":"#1"},"down":{"uv":[12.26667,3.5,12.8,10.5],"texture":"#1"}}},{"from":[15.5,0,1],"to":[16,32,15],"faces":{"north":{"uv":[0,0,0.53333,16],"texture":"#1"},"east":{"uv":[0.53333,0,8,16],"texture":"#1"},"south":{"uv":[0,0,0.53333,16],"texture":"#1"},"west":{"uv":[0.53333,0,8,16],"texture":"#1"},"up":{"uv":[12.26667,3.5,12.8,10.5],"texture":"#1"},"down":{"uv":[12.26667,3.5,12.8,10.5],"texture":"#1"}}},{"from":[0.5,31.5,1],"to":[15.5,32,15],"faces":{"north":{"uv":[0.26667,0,8.26667,0.5],"texture":"#1"},"east":{"uv":[0,2.5,6,3.5],"texture":"#1"},"south":{"uv":[0.26667,0,8.26667,0.5],"texture":"#1"},"west":{"uv":[0,2.5,6,3.5],"texture":"#1"},"up":{"uv":[9.06667,3,15.46667,10],"texture":"#1"},"down":{"uv":[9.06667,3,15.46667,10],"texture":"#1"}}}],"texture_size":[30,32],"textures":{"1":"item/rooms/frame","particle":"item/rooms/frame"}}