{"display":{"thirdperson_righthand":{"rotation":[-100,90,10],"translation":[-0.5,-2.5,0.75],"scale":[0.8,0.8,0.8]},"thirdperson_lefthand":{"rotation":[-100,90,10],"translation":[-0.5,-1.75,0.75],"scale":[0.8,0.8,0.8]},"firstperson_righthand":{"rotation":[-74.05,19.05,12.88],"translation":[1.5,3,-1.25],"scale":[0.8,0.8,0.8]},"firstperson_lefthand":{"rotation":[-74.05,19.05,12.88],"translation":[1.5,3,-1.25],"scale":[0.8,0.8,0.8]},"ground":{"translation":[0,2,0],"scale":[0.5,0.5,0.5]},"gui":{"rotation":[139.81,-42.76,129.16],"translation":[0,0.75,0]}},"texture_size":[32,32],"textures":{"0":"item/use/boxing_glove","particle":"item/use/boxing_glove"},"elements":[{"from":[5,0,6.5],"to":[10,4,10.5],"faces":{"north":{"uv":[7.5,4.5,10,6.5],"texture":"#0"},"east":{"uv":[2.5,9,4.5,11],"texture":"#0"},"south":{"uv":[7.5,6.5,10,8.5],"texture":"#0"},"west":{"uv":[4.5,9,6.5,11],"texture":"#0"},"up":{"uv":[10,10.5,7.5,8.5],"texture":"#0"},"down":{"uv":[2.5,9,0,11],"texture":"#0"}}},{"from":[4,4,7.5],"to":[11,13,11.5],"faces":{"north":{"uv":[0,0,3.5,4.5],"texture":"#0"},"east":{"uv":[0,4.5,2,9],"texture":"#0"},"south":{"uv":[3.5,0,7,4.5],"texture":"#0"},"west":{"uv":[2,4.5,4,9],"texture":"#0"},"up":{"uv":[10.5,4.5,7,2.5],"texture":"#0"},"down":{"uv":[7.5,7,4,9],"texture":"#0"}}},{"from":[4,8,5.5],"to":[11,13,7.5],"faces":{"north":{"uv":[4,4.5,7.5,7],"texture":"#0"},"east":{"uv":[6.5,9,7.5,11.5],"texture":"#0"},"south":{"uv":[7,0,10.5,2.5],"texture":"#0"},"west":{"uv":[7.5,10.5,8.5,13],"texture":"#0"},"up":{"uv":[14,3.5,10.5,2.5],"texture":"#0"},"down":{"uv":[14,3.5,10.5,4.5],"texture":"#0"}}},{"from":[2.99,4.99,5.49],"to":[6.01,10.01,8.51],"faces":{"north":{"uv":[10,4.5,11.5,7],"texture":"#0"},"east":{"uv":[10,7,11.5,9.5],"texture":"#0"},"south":{"uv":[10,9.5,11.5,12],"texture":"#0"},"west":{"uv":[10.5,0,12,2.5],"texture":"#0"},"up":{"uv":[10,12,8.5,10.5],"texture":"#0"},"down":{"uv":[1.5,11,0,12.5],"texture":"#0"}}}]}