{"display":{"thirdperson_righthand":{"rotation":[90,180,-26],"translation":[-1.5,1.25,4],"scale":[0.55,0.55,0.55]},"thirdperson_lefthand":{"rotation":[90,180,-26],"translation":[-1.5,1.25,4],"scale":[0.55,0.55,0.55]},"firstperson_righthand":{"rotation":[-121.69,11,142.43],"translation":[-1,4.75,0],"scale":[0.7,0.7,0.7]},"firstperson_lefthand":{"rotation":[-121.69,11,142.43],"translation":[-1,4.75,0],"scale":[0.7,0.7,0.7]},"ground":{"translation":[0,2,0],"scale":[0.7,0.7,0.7]},"gui":{"rotation":[-141.05,42,178.01],"translation":[0,3.75,0],"scale":[0.95,0.95,0.95]}},"texture_size":[64,64],"textures":{"0":"item/use/c4","particle":"item/use/c4"},"elements":[{"from":[3,0,1],"to":[13,3,14],"faces":{"north":{"uv":[5,4.5,7.5,5.25],"texture":"#0"},"east":{"uv":[5,1.5,8.25,2.25],"texture":"#0"},"south":{"uv":[5,5.25,7.5,6],"texture":"#0"},"west":{"uv":[5,2.25,8.25,3],"texture":"#0"},"up":{"uv":[2.5,6.5,0,3.25],"texture":"#0"},"down":{"uv":[5,3.25,2.5,6.5],"texture":"#0"}}},{"from":[2.65,-0.35,0.65],"to":[13.35,3.35,14.35],"faces":{"north":{"uv":[5,3,7.5,3.75],"texture":"#0"},"east":{"uv":[5,0,8.25,0.75],"texture":"#0"},"south":{"uv":[5,3.75,7.5,4.5],"texture":"#0"},"west":{"uv":[5,0.75,8.25,1.5],"texture":"#0"},"up":{"uv":[2.5,3.25,0,0],"texture":"#0"},"down":{"uv":[5,0,2.5,3.25],"texture":"#0"}}}]}