{"display":{"thirdperson_righthand":{"rotation":[0,90,0],"translation":[0,1.75,0.5],"scale":[0.55,0.55,0.55]},"thirdperson_lefthand":{"rotation":[0,-90,0],"translation":[0,1.75,0.5],"scale":[0.55,0.55,0.55]},"firstperson_righthand":{"rotation":[163.11,52.41,-177.16],"translation":[2,6,-1.5],"scale":[0.7,0.7,0.7]},"firstperson_lefthand":{"rotation":[163.11,52.41,-177.16],"translation":[2,6,-1.5],"scale":[0.7,0.7,0.7]},"ground":{"translation":[0,2.5,0],"scale":[0.5,0.5,0.5]},"gui":{"rotation":[146.89,24.11,-157.24],"translation":[-0.5,2,0],"scale":[1.1,1.1,1.1]}},"texture_size":[32,32],"textures":{"0":"item/use/c4controller","particle":"item/use/c4controller"},"elements":[{"from":[4.5,0,7],"to":[9.5,7,9],"rotation":{"angle":0,"axis":"y","origin":[7.75,6.5,8]},"faces":{"north":{"uv":[2.5,0,5,3.5],"texture":"#0"},"east":{"uv":[1,3.5,2,7],"texture":"#0"},"south":{"uv":[0,0,2.5,3.5],"texture":"#0"},"west":{"uv":[0,3.5,1,7],"texture":"#0"},"up":{"uv":[4.5,4.5,2,3.5],"rotation":180,"texture":"#0"},"down":{"uv":[4.5,4.5,2,5.5],"rotation":180,"texture":"#0"}}},{"from":[9.5,5,7],"to":[11.5,7,9],"rotation":{"angle":0,"axis":"y","origin":[7.75,6.5,8]},"faces":{"north":{"uv":[5.5,3.5,6.5,4.5],"texture":"#0"},"east":{"uv":[5.5,4.5,6.5,5.5],"texture":"#0"},"south":{"uv":[5,2.5,6,3.5],"texture":"#0"},"west":{"uv":[3,5.5,4,6.5],"texture":"#0"},"up":{"uv":[6.5,6.5,5.5,5.5],"rotation":180,"texture":"#0"},"down":{"uv":[7,0,6,1],"rotation":180,"texture":"#0"}}},{"from":[9.5,2,7],"to":[10.5,4,9],"rotation":{"angle":0,"axis":"y","origin":[7.75,6.5,8]},"faces":{"north":{"uv":[3.5,6.5,4,7.5],"texture":"#0"},"east":{"uv":[6,2,7,3],"texture":"#0"},"south":{"uv":[6.5,3,7,4],"texture":"#0"},"west":{"uv":[6,1,7,2],"texture":"#0"},"up":{"uv":[7,5,6.5,4],"rotation":180,"texture":"#0"},"down":{"uv":[7,5,6.5,6],"rotation":180,"texture":"#0"}}},{"from":[5.5,7,8],"to":[6.5,14,8],"rotation":{"angle":0,"axis":"y","origin":[7.75,6.5,8]},"faces":{"north":{"uv":[2.5,5.5,3,9],"texture":"#0"},"east":{"uv":[0,0,0,3.5],"texture":"#0"},"south":{"uv":[2,5.5,2.5,9],"texture":"#0"},"west":{"uv":[0,0,0,3.5],"texture":"#0"},"up":{"uv":[0.5,0,0,0],"rotation":180,"texture":"#0"},"down":{"uv":[0.5,0,0,0],"rotation":180,"texture":"#0"}}},{"from":[5.5,7,7.5],"to":[6.5,10,8.5],"rotation":{"angle":0,"axis":"y","origin":[7.75,6.5,8]},"faces":{"north":{"uv":[5,6,5.5,7.5],"texture":"#0"},"east":{"uv":[3,6.5,3.5,8],"texture":"#0"},"south":{"uv":[4,5.5,4.5,7],"texture":"#0"},"west":{"uv":[4.5,6,5,7.5],"texture":"#0"},"up":{"uv":[6.5,3.5,6,3],"rotation":180,"texture":"#0"},"down":{"uv":[6,6.5,5.5,7],"rotation":180,"texture":"#0"}}},{"from":[11.5,0,7],"to":[11.5,5,9],"rotation":{"angle":0,"axis":"y","origin":[7.75,6.5,8]},"faces":{"north":{"uv":[0,0,0,2.5],"texture":"#0"},"east":{"uv":[5,0,6,2.5],"texture":"#0"},"south":{"uv":[0,0,0,2.5],"texture":"#0"},"west":{"uv":[4.5,3.5,5.5,6],"texture":"#0"},"up":{"uv":[0,1,0,0],"rotation":180,"texture":"#0"},"down":{"uv":[0,0,0,1],"rotation":180,"texture":"#0"}}}]}