{"display":{"thirdperson_righthand":{"rotation":[14.22,50.21,-29.81],"translation":[0,3,-0.25],"scale":[0.55,0.55,0.55]},"thirdperson_lefthand":{"rotation":[14.22,50.21,-29.81],"translation":[0,3,-0.25],"scale":[0.55,0.55,0.55]},"firstperson_righthand":{"rotation":[-5,5,5],"translation":[-7,8,-0.25]},"firstperson_lefthand":{"rotation":[-5,5,5],"translation":[-7,8,-0.25]},"ground":{"translation":[0,2,0],"scale":[0.7,0.7,0.7]},"gui":{"rotation":[-171.25,25,-180],"translation":[0.25,5.25,0],"scale":[1.3,1.3,1.3]}},"texture_size":[32,32],"textures":{"0":"item/use/camera","particle":"item/use/camera"},"elements":[{"from":[4,1,7],"to":[13,7,10],"faces":{"north":{"uv":[4.5,0,9,3],"texture":"#0"},"east":{"uv":[9,7,10.5,10],"texture":"#0"},"south":{"uv":[4.5,3.5,9,6.5],"texture":"#0"},"west":{"uv":[0,10,1.5,13],"texture":"#0"},"up":{"uv":[4.5,10,0,8.5],"texture":"#0"},"down":{"uv":[9,8.5,4.5,10],"texture":"#0"}}},{"from":[3.7,0.7,6.7],"to":[13.3,7.3,10.3],"faces":{"north":{"uv":[0,0,4.5,3],"texture":"#0"},"east":{"uv":[9,0,10.5,3],"texture":"#0"},"south":{"uv":[0,3.5,4.5,6.5],"texture":"#0"},"west":{"uv":[9,3.5,10.5,6.5],"texture":"#0"},"up":{"uv":[4.5,8.5,0,7],"texture":"#0"},"down":{"uv":[9,7,4.5,8.5],"texture":"#0"}}},{"from":[6,2,6],"to":[9,5,7],"faces":{"north":{"uv":[1.5,10,3,11.5],"texture":"#0"},"east":{"uv":[6.5,10,7,11.5],"texture":"#0"},"south":{"uv":[3,10,4.5,11.5],"texture":"#0"},"west":{"uv":[7,10,7.5,11.5],"texture":"#0"},"up":{"uv":[9,10.5,7.5,10],"texture":"#0"},"down":{"uv":[12,0,10.5,0.5],"texture":"#0"}}},{"from":[10,7,7.5],"to":[12,8,9.5],"faces":{"north":{"uv":[10.5,0.5,11.5,1],"texture":"#0"},"east":{"uv":[10.5,1,11.5,1.5],"texture":"#0"},"south":{"uv":[10.5,1.5,11.5,2],"texture":"#0"},"west":{"uv":[10.5,2,11.5,2.5],"texture":"#0"},"up":{"uv":[5.5,11,4.5,10],"texture":"#0"},"down":{"uv":[6.5,10,5.5,11],"texture":"#0"}}},{"from":[9,6,6.5],"to":[9,6,6.5],"faces":{"north":{"uv":[0,0,0,0],"texture":"#0"},"east":{"uv":[0,0,0,0],"texture":"#0"},"south":{"uv":[0,0,0,0],"texture":"#0"},"west":{"uv":[0,0,0,0],"texture":"#0"},"up":{"uv":[0,0,0,0],"texture":"#0"},"down":{"uv":[0,0,0,0],"texture":"#0"}}}]}