{"display":{"thirdperson_righthand":{"rotation":[0,-90,55],"translation":[0,3.5,0.5],"scale":[0.55,0.55,0.55]},"thirdperson_lefthand":{"rotation":[-54,90,0],"translation":[0,3.5,0.5],"scale":[0.55,0.55,0.55]},"firstperson_righthand":{"rotation":[-59.5,-90,0],"translation":[1.88,4.2,-0.37],"scale":[0.68,0.68,0.68]},"firstperson_lefthand":{"rotation":[-36.02,77.07,-26.02],"translation":[1.88,4.2,-0.37],"scale":[0.68,0.68,0.68]}},"parent":"minecraft:item/generated","textures":{"layer0":"item/use/dagger"}}