{"display":{"thirdperson_righthand":{"rotation":[-179,-90,0],"translation":[0,-2.25,-1.25],"scale":[0.55,0.55,0.55]},"thirdperson_lefthand":{"rotation":[175.5,90,0],"translation":[0,-2.75,-1.25],"scale":[0.55,0.55,0.55]},"firstperson_righthand":{"rotation":[-179,-90,0],"translation":[1.88,9.7,-0.37],"scale":[0.68,0.68,0.68]},"firstperson_lefthand":{"rotation":[84.36,82.21,94.15],"translation":[1.88,9.7,-0.37],"scale":[0.68,0.68,0.68]}},"parent":"minecraft:item/generated","textures":{"layer0":"item/use/dagger"}}