{"display":{"thirdperson_righthand":{"rotation":[0,90,0],"translation":[0.25,0.5,0],"scale":[0.61641,0.61641,0.61641]},"thirdperson_lefthand":{"rotation":[0,90,0],"translation":[0.25,0.5,0],"scale":[0.61641,0.61641,0.61641]},"firstperson_righthand":{"rotation":[-172,83,180],"translation":[-0.12,5.45,1.88],"scale":[0.68,0.68,0.68]},"firstperson_lefthand":{"rotation":[-159.39,-89,-169.35],"translation":[-0.12,5.45,1.88],"scale":[0.68,0.68,0.68]},"ground":{"translation":[0,2,0],"scale":[0.5,0.5,0.5]},"gui":{"rotation":[141.84,48.91,-123.03],"translation":[1.75,2.5,0],"scale":[1.3,1.3,1.3]}},"texture_size":[32,32],"textures":{"2":"item/use/decoy"},"elements":[{"from":[7,10,7],"to":[9,12,9],"rotation":{"angle":0,"axis":"y","origin":[0,4,0]},"faces":{"north":{"uv":[6.5,5,7.5,6],"texture":"#2"},"east":{"uv":[6.5,6,7.5,7],"texture":"#2"},"south":{"uv":[5.5,7,6.5,8],"texture":"#2"},"west":{"uv":[6.5,7,7.5,8],"texture":"#2"},"up":{"uv":[3.5,8.5,2.5,7.5],"texture":"#2"},"down":{"uv":[4.5,7.5,3.5,8.5],"texture":"#2"}}},{"from":[9,11,7],"to":[10,11.01,9],"rotation":{"angle":0,"axis":"y","origin":[0,4,0]},"faces":{"north":{"uv":[0,0,0.5,0],"texture":"#2"},"east":{"uv":[0,0,1,0],"texture":"#2"},"south":{"uv":[0,0,0.5,0],"texture":"#2"},"west":{"uv":[0,0,1,0],"texture":"#2"},"up":{"uv":[5,8.5,4.5,7.5],"texture":"#2"},"down":{"uv":[5.5,7.5,5,8.5],"texture":"#2"}}},{"from":[10,5,7],"to":[10.01,11,9],"rotation":{"angle":22.5,"axis":"z","origin":[10,11,8]},"faces":{"north":{"uv":[0,0,0,3],"texture":"#2"},"east":{"uv":[5.5,4,6.5,7],"texture":"#2"},"south":{"uv":[0,0,0,3],"texture":"#2"},"west":{"uv":[1.5,6,2.5,9],"texture":"#2"},"up":{"uv":[0,1,0,0],"texture":"#2"},"down":{"uv":[0,0,0,1],"texture":"#2"}}},{"from":[6.5,1,6.5],"to":[9.5,9,9.5],"faces":{"north":{"uv":[0,0,1.5,4],"texture":"#2"},"east":{"uv":[1.5,0,3,4],"texture":"#2"},"south":{"uv":[3,0,4.5,4],"texture":"#2"},"west":{"uv":[0,4,1.5,8],"texture":"#2"},"up":{"uv":[8,1.5,6.5,0],"texture":"#2"},"down":{"uv":[8,1.5,6.5,3],"texture":"#2"}}},{"from":[6,0,6],"to":[10,1,10],"faces":{"north":{"uv":[7.5,5,9.5,5.5],"texture":"#2"},"east":{"uv":[7.5,5.5,9.5,6],"texture":"#2"},"south":{"uv":[7.5,6,9.5,6.5],"texture":"#2"},"west":{"uv":[7.5,6.5,9.5,7],"texture":"#2"},"up":{"uv":[6.5,2,4.5,0],"texture":"#2"},"down":{"uv":[6.5,2,4.5,4],"texture":"#2"}}},{"from":[6,9,6],"to":[10,10,10],"faces":{"north":{"uv":[6.5,3,8.5,3.5],"texture":"#2"},"east":{"uv":[6.5,3.5,8.5,4],"texture":"#2"},"south":{"uv":[6.5,4,8.5,4.5],"texture":"#2"},"west":{"uv":[6.5,4.5,8.5,5],"texture":"#2"},"up":{"uv":[3.5,6,1.5,4],"texture":"#2"},"down":{"uv":[5.5,4,3.5,6],"texture":"#2"}}}]}