{"display":{"thirdperson_righthand":{"rotation":[90,0,0],"translation":[-2.25,3.5,6],"scale":[0.7,0.7,0.7]},"thirdperson_lefthand":{"rotation":[90,0,0],"translation":[-2.25,3.5,6],"scale":[0.7,0.7,0.7]},"firstperson_righthand":{"rotation":[58.34,-38.59,22.19],"translation":[-7.25,10.5,5]},"firstperson_lefthand":{"rotation":[25.46,34.2,25.31],"translation":[-7.25,10.5,5]},"ground":{"translation":[0,2.3,0],"scale":[0.7,0.7,0.7]},"gui":{"rotation":[77.29,-40.69,40.1],"translation":[-4.5,4.5,0],"scale":[1.24805,1.24805,1.24805]},"head":{"translation":[0,14.5,0]},"fixed":{"rotation":[90,0,-180],"translation":[0,0,-7]}},"texture_size":[32,32],"textures":{"0":"item/junk/clipboard","particle":"item/junk/clipboard"},"elements":[{"from":[4,0.25,3],"to":[12,0.25,13],"rotation":{"angle":22.5,"axis":"y","origin":[8,0.28701,5.94291]},"faces":{"north":{"uv":[0,0,4,0],"texture":"#0"},"east":{"uv":[0,0,5,0],"texture":"#0"},"south":{"uv":[0,0,4,0],"texture":"#0"},"west":{"uv":[0,0,5,0],"texture":"#0"},"up":{"uv":[12,14.5,8,9.5],"texture":"#0"},"down":{"uv":[16,9.5,12,14.5],"texture":"#0"}}},{"from":[9.35669,-0.12373,8.9375],"to":[10.35669,0.87627,8.9375],"rotation":{"angle":-22.5,"axis":"z","origin":[9.85669,0.37627,8.9375]},"faces":{"north":{"uv":[13.5,2,13,2.5],"rotation":180,"texture":"#0"},"east":{"uv":[0,0,1,0],"rotation":90,"texture":"#0"},"south":{"uv":[13.5,2,13,2.5],"texture":"#0"},"west":{"uv":[0,0,1,0],"rotation":270,"texture":"#0"},"up":{"uv":[0,0,1,0],"texture":"#0"},"down":{"uv":[0,0,1,0],"rotation":180,"texture":"#0"}}},{"from":[7.25,2.4125,8.4375],"to":[16.25,3.4125,9.4375],"rotation":{"angle":22.5,"axis":"z","origin":[14.5,8.4125,10]},"faces":{"north":{"uv":[11,5.5,10.5,1],"rotation":90,"texture":"#0"},"east":{"uv":[12.5,2,13,2.5],"rotation":270,"texture":"#0"},"south":{"uv":[10.5,5.5,10,1],"rotation":90,"texture":"#0"},"west":{"uv":[12.5,2.5,13,3],"rotation":90,"texture":"#0"},"up":{"uv":[10,0.5,14.5,1],"rotation":180,"texture":"#0"},"down":{"uv":[10,0,14.5,0.5],"texture":"#0"}}},{"from":[10,2.4125,8.4375],"to":[16.5,3.4125,9.6875],"rotation":{"angle":22.5,"axis":"z","origin":[14.5,8.4125,10]},"faces":{"north":{"uv":[12,2,11.25,2],"rotation":90,"texture":"#0"},"east":{"uv":[12,2,12.5,2.5],"rotation":270,"texture":"#0"},"south":{"uv":[11.5,5,11,3],"rotation":90,"texture":"#0"},"west":{"uv":[12,2,11.25,2],"rotation":90,"texture":"#0"},"up":{"uv":[12,2,11.25,2],"rotation":180,"texture":"#0"},"down":{"uv":[12,2,11.25,2],"texture":"#0"}}}]}