{"display":{"thirdperson_righthand":{"rotation":[90,0,0],"translation":[-2.25,3.5,6],"scale":[0.7,0.7,0.7]},"thirdperson_lefthand":{"rotation":[90,0,0],"translation":[-2.25,3.5,6],"scale":[0.7,0.7,0.7]},"firstperson_righthand":{"rotation":[69.21,11.24,15.41],"translation":[0.25,5.25,2.75]},"firstperson_lefthand":{"rotation":[69.21,11.24,15.41],"translation":[0.25,5.25,2.75]},"ground":{"translation":[0,2.3,0],"scale":[0.7,0.7,0.7]},"gui":{"rotation":[54.75,-25,0],"translation":[0.25,4.5,0]},"head":{"translation":[0,14.5,0]},"fixed":{"rotation":[90,0,-180],"translation":[0,0,-7]}},"texture_size":[32,32],"textures":{"0":"item/junk/clipboard","particle":"item/junk/clipboard"},"elements":[{"from":[4,0.25,3],"to":[12,0.25,13],"rotation":{"angle":0,"axis":"y","origin":[8,0.28701,5.94291]},"faces":{"north":{"uv":[0,0,4,0],"texture":"#0"},"east":{"uv":[0,0,5,0],"texture":"#0"},"south":{"uv":[0,0,4,0],"texture":"#0"},"west":{"uv":[0,0,5,0],"texture":"#0"},"up":{"uv":[12,14.5,8,9.5],"texture":"#0"},"down":{"uv":[16,9.5,12,14.5],"texture":"#0"}}},{"from":[10,0,6],"to":[11,1,15],"rotation":{"angle":-22.5,"axis":"y","origin":[10.5,0.5625,12]},"faces":{"north":{"uv":[12.5,2,13,2.5],"texture":"#0"},"east":{"uv":[10,0,14.5,0.5],"texture":"#0"},"south":{"uv":[12.5,2.5,13,3],"texture":"#0"},"west":{"uv":[10,0.5,14.5,1],"texture":"#0"},"up":{"uv":[10.5,5.5,10,1],"texture":"#0"},"down":{"uv":[11,5.5,10.5,1],"texture":"#0"}}},{"from":[10,0,5.75],"to":[11,1.25,12.25],"rotation":{"angle":-22.5,"axis":"y","origin":[10.5,0.5625,12]},"faces":{"north":{"uv":[12,2,12.5,2.5],"texture":"#0"},"east":{"uv":[12,2,11.25,2],"texture":"#0"},"south":{"uv":[12,2,11.25,2],"texture":"#0"},"west":{"uv":[12,2,11.25,2],"texture":"#0"},"up":{"uv":[11.5,5,11,3],"texture":"#0"},"down":{"uv":[12,2,11.25,2],"texture":"#0"}}},{"from":[7.87868,0.5,13.62132],"to":[8.87868,0.5,14.62132],"rotation":{"angle":22.5,"axis":"y","origin":[10.5,0.5625,12]},"faces":{"north":{"uv":[0,0,1,0],"texture":"#0"},"east":{"uv":[0,0,1,0],"texture":"#0"},"south":{"uv":[0,0,1,0],"texture":"#0"},"west":{"uv":[0,0,1,0],"texture":"#0"},"up":{"uv":[13.5,2,13,2.5],"texture":"#0"},"down":{"uv":[13.5,2,13,2.5],"texture":"#0"}}}]}