{"display":{"thirdperson_righthand":{"rotation":[0,45,0],"translation":[1.25,1.25,-1],"scale":[0.59,0.59,0.59]},"thirdperson_lefthand":{"rotation":[0,45,0],"translation":[0,1.25,0.5],"scale":[0.59,0.59,0.59]},"firstperson_righthand":{"rotation":[-16.97,5.39,20.11],"translation":[1.75,4.5,0]},"firstperson_lefthand":{"rotation":[-16.97,5.39,20.11],"translation":[1.75,4.5,0]},"ground":{"translation":[1.5,4.5,1]},"gui":{"rotation":[17.16,27.6,-26.41],"translation":[4,2.5,0],"scale":[1.28,1.28,1.28]}},"texture_size":[32,32],"textures":{"0":"item/use/disruption","particle":"item/use/disruption"},"elements":[{"from":[4,0,4],"to":[9,7,9],"rotation":{"angle":0,"axis":"y","origin":[14,0,7]},"faces":{"north":{"uv":[0,0,2.5,3.5],"texture":"#0"},"east":{"uv":[2.5,0,5,3.5],"texture":"#0"},"south":{"uv":[0,3.5,2.5,7],"texture":"#0"},"west":{"uv":[2.5,3.5,5,7],"texture":"#0"},"up":{"uv":[7.5,2.5,5,0],"texture":"#0"},"down":{"uv":[7.5,2.5,5,5],"texture":"#0"}}},{"from":[5,7,5],"to":[8,10,8],"rotation":{"angle":0,"axis":"y","origin":[14,0,7]},"faces":{"north":{"uv":[2,7,3.5,8.5],"texture":"#0"},"east":{"uv":[3.5,7,5,8.5],"texture":"#0"},"south":{"uv":[7.5,0,9,1.5],"texture":"#0"},"west":{"uv":[7.5,1.5,9,3],"texture":"#0"},"up":{"uv":[9,4.5,7.5,3],"texture":"#0"},"down":{"uv":[9.5,4.5,8,6],"texture":"#0"}}},{"from":[5,2,7.5],"to":[8,8,9.5],"rotation":{"angle":0,"axis":"y","origin":[14,0,6.5]},"faces":{"north":{"uv":[5,5,6.5,8],"texture":"#0"},"east":{"uv":[0,7,1,10],"texture":"#0"},"south":{"uv":[6.5,5,8,8],"texture":"#0"},"west":{"uv":[1,7,2,10],"texture":"#0"},"up":{"uv":[6.5,9,5,8],"texture":"#0"},"down":{"uv":[9.5,6,8,7],"texture":"#0"}}}]}