{"display":{"thirdperson_righthand":{"rotation":[180,90,-180],"translation":[0,0.25,0.25],"scale":[0.61641,0.61641,0.61641]},"thirdperson_lefthand":{"rotation":[180,90,-180],"translation":[0,0.25,0.25],"scale":[0.61641,0.61641,0.61641]},"firstperson_righthand":{"rotation":[164.49,-13.68,179.95],"translation":[0,2.5,0],"scale":[0.85,0.85,0.85]},"firstperson_lefthand":{"rotation":[164.49,-13.68,179.95],"translation":[0,2.5,0],"scale":[0.85,0.85,0.85]},"ground":{"translation":[0,2,0],"scale":[0.5,0.5,0.5]},"gui":{"rotation":[40.9,30.72,-28.2],"translation":[0.75,2.25,0],"scale":[1.2,1.2,1.2]},"head":{"translation":[0,14.5,0]},"fixed":{"translation":[0,4.5,0]}},"texture_size":[32,32],"textures":{"0":"item/use/fire","particle":"item/use/fire"},"elements":[{"from":[6,0,6],"to":[10,10,10],"faces":{"north":{"uv":[0,0,2,5],"texture":"#0"},"east":{"uv":[2,0,4,5],"texture":"#0"},"south":{"uv":[4,0,6,5],"texture":"#0"},"west":{"uv":[0,5,2,10],"texture":"#0"},"up":{"uv":[4,7,2,5],"texture":"#0"},"down":{"uv":[6,5,4,7],"texture":"#0"}}},{"from":[7,10,7],"to":[9,12,9],"faces":{"north":{"uv":[2,7,3,8],"texture":"#0"},"east":{"uv":[3,7,4,8],"texture":"#0"},"south":{"uv":[7,3,8,4],"texture":"#0"},"west":{"uv":[4,7,5,8],"texture":"#0"},"up":{"uv":[8,5,7,4],"texture":"#0"},"down":{"uv":[6,7,5,8],"texture":"#0"}}},{"from":[9,10,8],"to":[12,13,8],"rotation":{"angle":-22.5,"axis":"z","origin":[9,11,7]},"faces":{"north":{"uv":[7,0,8.5,1.5],"texture":"#0"},"east":{"uv":[0,0,0,1.5],"texture":"#0"},"south":{"uv":[7,1.5,8.5,3],"texture":"#0"},"west":{"uv":[0,0,0,1.5],"texture":"#0"},"up":{"uv":[1.5,0,0,0],"texture":"#0"},"down":{"uv":[1.5,0,0,0],"texture":"#0"}}},{"from":[7,12,5],"to":[9,12,7],"rotation":{"angle":-45,"axis":"x","origin":[8,12,7]},"faces":{"north":{"uv":[0,0,1,0],"texture":"#0"},"east":{"uv":[0,0,1,0],"texture":"#0"},"south":{"uv":[0,0,1,0],"texture":"#0"},"west":{"uv":[0,0,1,0],"texture":"#0"},"up":{"uv":[8,6,7,5],"texture":"#0"},"down":{"uv":[7,7,6,8],"texture":"#0"}}},{"from":[7,12,5],"to":[9,12,7],"rotation":{"angle":-45,"axis":"x","origin":[8,12,7]},"faces":{"north":{"uv":[0,0,1,0],"texture":"#0"},"east":{"uv":[0,0,1,0],"texture":"#0"},"south":{"uv":[0,0,1,0],"texture":"#0"},"west":{"uv":[0,0,1,0],"texture":"#0"},"up":{"uv":[8,7,7,6],"texture":"#0"},"down":{"uv":[8,7,7,8],"texture":"#0"}}},{"from":[7,3.58579,5.58579],"to":[9,10.58579,5.58579],"rotation":{"angle":0,"axis":"y","origin":[8,10.58579,5.58579]},"faces":{"north":{"uv":[6,0,7,3.5],"texture":"#0"},"east":{"uv":[0,0,0,3.5],"texture":"#0"},"south":{"uv":[6,3.5,7,7],"texture":"#0"},"west":{"uv":[0,0,0,3.5],"texture":"#0"},"up":{"uv":[1,0,0,0],"texture":"#0"},"down":{"uv":[1,0,0,0],"texture":"#0"}}}]}