{"display":{"thirdperson_righthand":{"rotation":[0,90,0],"translation":[0.25,0.5,0],"scale":[0.61641,0.61641,0.61641]},"thirdperson_lefthand":{"rotation":[0,90,0],"translation":[0.25,0.5,0],"scale":[0.61641,0.61641,0.61641]},"firstperson_righthand":{"rotation":[165.5,83,-180],"translation":[-0.12,3.45,1.88],"scale":[0.68,0.68,0.68]},"firstperson_lefthand":{"rotation":[165.5,83,-180],"translation":[-0.12,3.45,1.88],"scale":[0.68,0.68,0.68]},"ground":{"translation":[0,2,0],"scale":[0.5,0.5,0.5]},"gui":{"rotation":[141.84,48.91,-123.03],"translation":[1.75,2.5,0],"scale":[1.3,1.3,1.3]}},"texture_size":[32,32],"textures":{"0":"item/use/grenade","1":"item/use/flashbang","particle":"item/use/grenade"},"elements":[{"from":[6,12,4],"to":[9,12.01,7],"rotation":{"angle":-45,"axis":"x","origin":[7,12,7]},"faces":{"north":{"uv":[0,0,3,0],"texture":"#0"},"east":{"uv":[0,0,3,0],"texture":"#0"},"south":{"uv":[0,0,3,0],"texture":"#0"},"west":{"uv":[0,0,3,0],"texture":"#0"},"up":{"uv":[3,15,0,12],"texture":"#0"},"down":{"uv":[15,0,12,3],"texture":"#0"}}},{"from":[7,10,7],"to":[9,12,9],"rotation":{"angle":0,"axis":"y","origin":[0,4,0]},"faces":{"north":{"uv":[3,12,5,14],"texture":"#0"},"east":{"uv":[12,3,14,5],"texture":"#0"},"south":{"uv":[5,12,7,14],"texture":"#0"},"west":{"uv":[12,5,14,7],"texture":"#0"},"up":{"uv":[14,9,12,7],"texture":"#0"},"down":{"uv":[14,9,12,11],"texture":"#0"}}},{"from":[6,11,7],"to":[7,11.01,9],"rotation":{"angle":0,"axis":"y","origin":[-5,4,0]},"faces":{"north":{"uv":[0,0,1,0],"texture":"#0"},"east":{"uv":[0,0,2,0],"texture":"#0"},"south":{"uv":[0,0,1,0],"texture":"#0"},"west":{"uv":[0,0,2,0],"texture":"#0"},"up":{"uv":[8,14,7,12],"texture":"#0"},"down":{"uv":[13,11,12,13],"texture":"#0"}}},{"from":[5.9,5.42,7],"to":[5.91,11.42,9],"rotation":{"angle":-22.5,"axis":"z","origin":[4.9,11,8]},"faces":{"north":{"uv":[0,0,0,6],"texture":"#0"},"east":{"uv":[10,8,12,14],"texture":"#0"},"south":{"uv":[0,0,0,6],"texture":"#0"},"west":{"uv":[8,8,10,14],"texture":"#0"},"up":{"uv":[0,2,0,0],"rotation":180,"texture":"#0"},"down":{"uv":[0,0,0,2],"rotation":180,"texture":"#0"}}},{"from":[6.5,1,6.5],"to":[9.5,9,9.5],"faces":{"north":{"uv":[0,0,1.5,4],"texture":"#1"},"east":{"uv":[1.5,0,3,4],"texture":"#1"},"south":{"uv":[3,0,4.5,4],"texture":"#1"},"west":{"uv":[0,4,1.5,8],"texture":"#1"},"up":{"uv":[7,5.5,5.5,4],"texture":"#1"},"down":{"uv":[7,5.5,5.5,7],"texture":"#1"}}},{"from":[6,0,6],"to":[10,1,10],"faces":{"north":{"uv":[1.5,6,3.5,6.5],"texture":"#1"},"east":{"uv":[3.5,6,5.5,6.5],"texture":"#1"},"south":{"uv":[6.5,0,8.5,0.5],"texture":"#1"},"west":{"uv":[6.5,0.5,8.5,1],"texture":"#1"},"up":{"uv":[3.5,6,1.5,4],"texture":"#1"},"down":{"uv":[5.5,4,3.5,6],"texture":"#1"}}},{"from":[6,9,6],"to":[10,10,10],"faces":{"north":{"uv":[6.5,1,8.5,1.5],"texture":"#1"},"east":{"uv":[1.5,6.5,3.5,7],"texture":"#1"},"south":{"uv":[6.5,1.5,8.5,2],"texture":"#1"},"west":{"uv":[6.5,2,8.5,2.5],"texture":"#1"},"up":{"uv":[6.5,2,4.5,0],"texture":"#1"},"down":{"uv":[6.5,2,4.5,4],"texture":"#1"}}}]}