{"display":{"thirdperson_righthand":{"rotation":[0,45,90],"translation":[-4.25,-2,1.75],"scale":[0.75,0.75,0.75]},"thirdperson_lefthand":{"rotation":[0,45,90],"translation":[-4.25,-0.25,1.75],"scale":[0.75,0.75,0.75]},"firstperson_righthand":{"rotation":[7,47,64],"translation":[-2,3.25,3]},"firstperson_lefthand":{"rotation":[7,47,64],"translation":[-2,3.25,3]},"ground":{"translation":[0,4.75,0]},"gui":{"rotation":[-144.41,-71.35,122.53],"translation":[-1.25,0,0],"scale":[1.42,1.42,1.42]}},"textures":{"0":"item/use/gauze","particle":"item/use/gauze"},"elements":[{"from":[6,0,7],"to":[12,4,11],"rotation":{"angle":0,"axis":"y","origin":[7,0,7]},"faces":{"north":{"uv":[0,0,6,4],"texture":"#0"},"east":{"uv":[0,8,4,12],"texture":"#0"},"south":{"uv":[0,4,6,8],"texture":"#0"},"west":{"uv":[4,8,8,12],"texture":"#0"},"up":{"uv":[12,4,6,0],"texture":"#0"},"down":{"uv":[12,4,6,8],"texture":"#0"}}},{"from":[6,0,5],"to":[12,0,7],"rotation":{"angle":0,"axis":"y","origin":[7,0,7]},"faces":{"north":{"uv":[0,0,6,0],"texture":"#0"},"east":{"uv":[0,0,2,0],"texture":"#0"},"south":{"uv":[0,0,6,0],"texture":"#0"},"west":{"uv":[0,0,2,0],"texture":"#0"},"up":{"uv":[14,10,8,8],"texture":"#0"},"down":{"uv":[14,10,8,12],"texture":"#0"}}}]}