{"display":{"thirdperson_righthand":{"rotation":[180,90,-180],"translation":[0,2.25,0.25],"scale":[0.61641,0.61641,0.61641]},"thirdperson_lefthand":{"rotation":[180,90,-180],"translation":[0,2.25,0.25],"scale":[0.61641,0.61641,0.61641]},"firstperson_righthand":{"rotation":[-161.12,65.87,148.31],"translation":[0,5.75,0]},"firstperson_lefthand":{"rotation":[-161.12,65.87,148.31],"translation":[0,5.75,0]},"ground":{"translation":[0,2,0],"scale":[0.5,0.5,0.5]},"gui":{"rotation":[29.57,49.99,-36.53],"translation":[1.5,4.25,0],"scale":[1.3,1.3,1.3]},"head":{"translation":[0,14.5,0]},"fixed":{"translation":[0,4.5,0]}},"textures":{"0":"item/use/grenade","particle":"item/use/grenade"},"elements":[{"from":[6,0,6],"to":[10,6,10],"faces":{"north":{"uv":[0,0,4,6],"texture":"#0"},"east":{"uv":[4,0,8,6],"texture":"#0"},"south":{"uv":[0,6,4,12],"texture":"#0"},"west":{"uv":[4,6,8,12],"texture":"#0"},"up":{"uv":[12,4,8,0],"texture":"#0"},"down":{"uv":[12,4,8,8],"texture":"#0"}}},{"from":[7,6,7],"to":[9,8,9],"faces":{"north":{"uv":[3,12,5,14],"texture":"#0"},"east":{"uv":[12,3,14,5],"texture":"#0"},"south":{"uv":[5,12,7,14],"texture":"#0"},"west":{"uv":[12,5,14,7],"texture":"#0"},"up":{"uv":[14,9,12,7],"texture":"#0"},"down":{"uv":[14,9,12,11],"texture":"#0"}}},{"from":[6,7,7],"to":[7,7.01,9],"rotation":{"angle":0,"axis":"y","origin":[-3,0,0]},"faces":{"north":{"uv":[0,0,1,0],"texture":"#0"},"east":{"uv":[0,0,2,0],"texture":"#0"},"south":{"uv":[0,0,1,0],"texture":"#0"},"west":{"uv":[0,0,2,0],"texture":"#0"},"up":{"uv":[8,14,7,12],"texture":"#0"},"down":{"uv":[13,11,12,13],"texture":"#0"}}},{"from":[5.99,1,7],"to":[6,7,9],"rotation":{"angle":-22.5,"axis":"z","origin":[6,7,8]},"faces":{"north":{"uv":[0,0,0,6],"texture":"#0"},"east":{"uv":[10,8,12,14],"texture":"#0"},"south":{"uv":[0,0,0,6],"texture":"#0"},"west":{"uv":[8,8,10,14],"texture":"#0"},"up":{"uv":[0,2,0,0],"rotation":180,"texture":"#0"},"down":{"uv":[0,0,0,2],"rotation":180,"texture":"#0"}}},{"from":[6,8,4],"to":[9,8.01,7],"rotation":{"angle":-45,"axis":"x","origin":[7,8,7]},"faces":{"north":{"uv":[0,0,3,0],"texture":"#0"},"east":{"uv":[0,0,3,0],"texture":"#0"},"south":{"uv":[0,0,3,0],"texture":"#0"},"west":{"uv":[0,0,3,0],"texture":"#0"},"up":{"uv":[3,15,0,12],"texture":"#0"},"down":{"uv":[15,0,12,3],"texture":"#0"}}},{"from":[6,0,6],"to":[10,6,10],"faces":{"north":{"uv":[0,0,4,6],"texture":"#0"},"east":{"uv":[4,0,8,6],"texture":"#0"},"south":{"uv":[0,6,4,12],"texture":"#0"},"west":{"uv":[4,6,8,12],"texture":"#0"},"up":{"uv":[12,4,8,0],"texture":"#0"},"down":{"uv":[12,4,8,8],"texture":"#0"}}},{"from":[7,6,7],"to":[9,8,9],"faces":{"north":{"uv":[3,12,5,14],"texture":"#0"},"east":{"uv":[12,3,14,5],"texture":"#0"},"south":{"uv":[5,12,7,14],"texture":"#0"},"west":{"uv":[12,5,14,7],"texture":"#0"},"up":{"uv":[14,9,12,7],"texture":"#0"},"down":{"uv":[14,9,12,11],"texture":"#0"}}},{"from":[6,7,7],"to":[7,7.01,9],"rotation":{"angle":0,"axis":"y","origin":[-3,0,0]},"faces":{"north":{"uv":[0,0,1,0],"texture":"#0"},"east":{"uv":[0,0,2,0],"texture":"#0"},"south":{"uv":[0,0,1,0],"texture":"#0"},"west":{"uv":[0,0,2,0],"texture":"#0"},"up":{"uv":[8,14,7,12],"texture":"#0"},"down":{"uv":[13,11,12,13],"texture":"#0"}}},{"from":[5.99,1,7],"to":[6,7,9],"rotation":{"angle":-22.5,"axis":"z","origin":[6,7,8]},"faces":{"north":{"uv":[0,0,0,6],"texture":"#0"},"east":{"uv":[10,8,12,14],"texture":"#0"},"south":{"uv":[0,0,0,6],"texture":"#0"},"west":{"uv":[8,8,10,14],"texture":"#0"},"up":{"uv":[0,2,0,0],"rotation":180,"texture":"#0"},"down":{"uv":[0,0,0,2],"rotation":180,"texture":"#0"}}}]}