{"display":{"thirdperson_righthand":{"rotation":[-177.15,17.74,-172.41],"translation":[0,5.5,0]},"thirdperson_lefthand":{"rotation":[-177.15,17.74,-172.41],"translation":[0,5.5,0]},"firstperson_righthand":{"rotation":[161.25,54.25,-180],"translation":[0,8.5,0]},"firstperson_lefthand":{"rotation":[161.25,54.25,-180],"translation":[0,8.5,0]},"ground":{"translation":[0,3.75,0]},"gui":{"rotation":[-158.5,47,180],"translation":[0,8,0],"scale":[2.01172,2.01172,2.01172]}},"textures":{"0":"item/use/nitrus","particle":"item/use/nitrus"},"elements":[{"from":[7,1,6],"to":[9,2,8],"rotation":{"angle":-22.5,"axis":"x","origin":[8,1.5,7.5]},"faces":{"north":{"uv":[6,4,8,5],"texture":"#0"},"east":{"uv":[6,5,8,6],"texture":"#0"},"south":{"uv":[6,6,8,7],"texture":"#0"},"west":{"uv":[6,7,8,8],"texture":"#0"},"up":{"uv":[8,4,6,2],"texture":"#0"},"down":{"uv":[6,6,4,8],"texture":"#0"}}},{"from":[6.99,0.99,6.99],"to":[9.01,7.01,9.01],"rotation":{"angle":0,"axis":"z","origin":[7,1,7]},"faces":{"north":{"uv":[0,0,2,6],"texture":"#0"},"east":{"uv":[2,0,4,6],"texture":"#0"},"south":{"uv":[4,0,6,6],"texture":"#0"},"west":{"uv":[0,6,2,12],"texture":"#0"},"up":{"uv":[8,2,6,0],"texture":"#0"},"down":{"uv":[4,6,2,8],"texture":"#0"}}}]}