{"display":{"thirdperson_righthand":{"rotation":[-175.5,83,-180],"translation":[0,3.75,0],"scale":[0.64,0.64,0.64]},"thirdperson_lefthand":{"rotation":[-175.5,83,-180],"translation":[0,3.75,0],"scale":[0.64,0.64,0.64]},"firstperson_righthand":{"rotation":[163.5,23.75,-180],"translation":[0,4.5,-1.25]},"firstperson_lefthand":{"rotation":[163.5,23.75,-180],"translation":[0,4.5,-1.25]},"ground":{"translation":[0,4.25,0],"scale":[0.93,0.93,0.93]},"gui":{"rotation":[-165.25,45,-180],"translation":[0,1.5,0],"scale":[1.07,1.07,1.07]}},"texture_size":[32,32],"textures":{"0":"item/use/jammer","particle":"item/use/jammer"},"elements":[{"from":[5,0,6],"to":[11,8,9],"rotation":{"angle":0,"axis":"y","origin":[7,0,7]},"faces":{"north":{"uv":[0,0,3,4],"texture":"#0"},"east":{"uv":[6,5,7.5,9],"texture":"#0"},"south":{"uv":[3,0,6,4],"texture":"#0"},"west":{"uv":[0,6.5,1.5,10.5],"texture":"#0"},"up":{"uv":[4.5,8,1.5,6.5],"texture":"#0"},"down":{"uv":[10.5,5,7.5,6.5],"texture":"#0"}}},{"from":[5,8,8],"to":[11,13,8],"rotation":{"angle":0,"axis":"y","origin":[5.5,8,6]},"faces":{"north":{"uv":[6,0,9,2.5],"texture":"#0"},"east":{"uv":[0,0,0,2.5],"texture":"#0"},"south":{"uv":[6,2.5,9,5],"texture":"#0"},"west":{"uv":[0,0,0,2.5],"texture":"#0"},"up":{"uv":[3,0,0,0],"texture":"#0"},"down":{"uv":[3,0,0,0],"texture":"#0"}}},{"from":[5,8,7],"to":[11,13,7],"rotation":{"angle":0,"axis":"y","origin":[5.5,8,5]},"faces":{"north":{"uv":[0,4,3,6.5],"texture":"#0"},"east":{"uv":[0,0,0,2.5],"texture":"#0"},"south":{"uv":[3,4,6,6.5],"texture":"#0"},"west":{"uv":[0,0,0,2.5],"texture":"#0"},"up":{"uv":[3,0,0,0],"texture":"#0"},"down":{"uv":[3,0,0,0],"texture":"#0"}}}]}