{"display":{"thirdperson_righthand":{"rotation":[0,45,0],"translation":[0,1,-0.75],"scale":[0.42,0.42,0.42]},"thirdperson_lefthand":{"rotation":[0,45,0],"translation":[0,1,-0.75],"scale":[0.42,0.42,0.42]},"firstperson_righthand":{"rotation":[-8.77,28.58,13.83],"translation":[0,5.5,0],"scale":[0.72,0.72,0.72]},"firstperson_lefthand":{"rotation":[-8.77,28.58,13.83],"translation":[0,5.5,0],"scale":[0.72,0.72,0.72]},"ground":{"translation":[0,3.75,0],"scale":[0.9,0.9,0.9]},"gui":{"rotation":[12.5,45,12.5],"translation":[-0.5,4.25,0],"scale":[1.18,1.18,1.18]}},"texture_size":[32,32],"textures":{"2":"item/use/kinetic"},"elements":[{"from":[5,0,5],"to":[11,8,11],"rotation":{"angle":0,"axis":"y","origin":[15,0,7]},"faces":{"north":{"uv":[0,0,3,4],"texture":"#2"},"east":{"uv":[3,0,6,4],"texture":"#2"},"south":{"uv":[0,4,3,8],"texture":"#2"},"west":{"uv":[3,4,6,8],"texture":"#2"},"up":{"uv":[9,3,6,0],"texture":"#2"},"down":{"uv":[9,3,6,6],"texture":"#2"}}},{"from":[7,8,7],"to":[9,9,9],"rotation":{"angle":0,"axis":"y","origin":[7,8,7]},"faces":{"north":{"uv":[7,6,8,6.5],"texture":"#2"},"east":{"uv":[7,6.5,8,7],"texture":"#2"},"south":{"uv":[7,7,8,7.5],"texture":"#2"},"west":{"uv":[7,7.5,8,8],"texture":"#2"},"up":{"uv":[7,7,6,6],"texture":"#2"},"down":{"uv":[7,7,6,8],"texture":"#2"}}}]}