{"display":{"thirdperson_righthand":{"translation":[0,-0.75,1],"scale":[0.55,0.55,0.55]},"thirdperson_lefthand":{"translation":[0,-0.75,1],"scale":[0.55,0.55,0.55]},"firstperson_righthand":{"rotation":[0,-14.25,18],"translation":[0.75,0,0]},"firstperson_lefthand":{"rotation":[0,-14.25,18],"translation":[0.75,0,0]},"ground":{"translation":[0,2,0],"scale":[0.5,0.5,0.5]},"gui":{"rotation":[-38.97,15.15,21.8],"translation":[1.75,-1.5,0],"scale":[0.78516,0.78516,0.78516]},"head":{"rotation":[0,0,-179.25],"translation":[3.75,4.75,-6.5],"scale":[0.64648,0.64648,0.64648]}},"texture_size":[32,32],"textures":{"0":"item/use/magglass","particle":"item/use/magglass"},"elements":[{"from":[7,0,7.5],"to":[9,10,8.5],"faces":{"north":{"uv":[3,0,4,5],"texture":"#0"},"east":{"uv":[8,7,8.5,12],"texture":"#0"},"south":{"uv":[4,0,5,5],"texture":"#0"},"west":{"uv":[8.5,7,9,12],"texture":"#0"},"up":{"uv":[5.5,10.5,4.5,10],"texture":"#0"},"down":{"uv":[11,4.5,10,5],"texture":"#0"}}},{"from":[3,10,7],"to":[13,12,9],"faces":{"north":{"uv":[5,0,10,1],"texture":"#0"},"east":{"uv":[8,5,9,6],"texture":"#0"},"south":{"uv":[5,1,10,2],"texture":"#0"},"west":{"uv":[9,5,10,6],"texture":"#0"},"up":{"uv":[10,3,5,2],"texture":"#0"},"down":{"uv":[8,5,3,6],"texture":"#0"}}},{"from":[3,18,7],"to":[13,20,9],"faces":{"north":{"uv":[5,3,10,4],"texture":"#0"},"east":{"uv":[0,10,1,11],"texture":"#0"},"south":{"uv":[5,4,10,5],"texture":"#0"},"west":{"uv":[10,0,11,1],"texture":"#0"},"up":{"uv":[5,7,0,6],"texture":"#0"},"down":{"uv":[10,6,5,7],"texture":"#0"}}},{"from":[3,12,7],"to":[5,18,9],"faces":{"north":{"uv":[0,7,1,10],"texture":"#0"},"east":{"uv":[1,7,2,10],"texture":"#0"},"south":{"uv":[2,7,3,10],"texture":"#0"},"west":{"uv":[3,7,4,10],"texture":"#0"},"up":{"uv":[2,11,1,10],"texture":"#0"},"down":{"uv":[11,1,10,2],"texture":"#0"}}},{"from":[11,12,7],"to":[13,18,9],"faces":{"north":{"uv":[4,7,5,10],"texture":"#0"},"east":{"uv":[5,7,6,10],"texture":"#0"},"south":{"uv":[6,7,7,10],"texture":"#0"},"west":{"uv":[7,7,8,10],"texture":"#0"},"up":{"uv":[3,11,2,10],"texture":"#0"},"down":{"uv":[11,2,10,3],"texture":"#0"}}},{"from":[5,12,8],"to":[11,18,8],"faces":{"north":{"uv":[0,0,3,3],"texture":"#0"},"east":{"uv":[0,0,0,3],"texture":"#0"},"south":{"uv":[0,3,3,6],"texture":"#0"},"west":{"uv":[0,0,0,3],"texture":"#0"},"up":{"uv":[3,0,0,0],"texture":"#0"},"down":{"uv":[3,0,0,0],"texture":"#0"}}},{"from":[6.5,0,6.5],"to":[9.5,1,9.5],"faces":{"north":{"uv":[3,10,4.5,10.5],"texture":"#0"},"east":{"uv":[10,3,11.5,3.5],"texture":"#0"},"south":{"uv":[10,3.5,11.5,4],"texture":"#0"},"west":{"uv":[10,4,11.5,4.5],"texture":"#0"},"up":{"uv":[10.5,8.5,9,7],"texture":"#0"},"down":{"uv":[10.5,8.5,9,10],"texture":"#0"}}}]}