{"display":{"thirdperson_righthand":{"rotation":[0,90,0],"translation":[0,3.75,0],"scale":[0.6,0.6,0.6]},"thirdperson_lefthand":{"rotation":[0,90,0],"translation":[0,3.75,0],"scale":[0.6,0.6,0.6]},"firstperson_righthand":{"rotation":[-177.64,47.91,173.21],"translation":[-0.5,16.5,0.5],"scale":[0.7,0.7,0.7]},"firstperson_lefthand":{"rotation":[-177.64,47.91,173.21],"translation":[-0.5,16.5,0.5],"scale":[0.7,0.7,0.7]},"ground":{"translation":[0,1,0],"scale":[0.6,0.6,0.6]},"gui":{"rotation":[30,225,0],"translation":[0,4,0],"scale":[1.05,1.05,1.05]}},"texture_size":[32,32],"textures":{"0":"item/use/medkit","particle":"item/use/medkit"},"elements":[{"from":[2,0,4],"to":[14,3,12],"faces":{"north":{"uv":[0,8,6,9.5],"texture":"#0"},"east":{"uv":[0,9.5,4,11],"texture":"#0"},"south":{"uv":[6,8,12,9.5],"texture":"#0"},"west":{"uv":[4,9.5,8,11],"texture":"#0"},"up":{"uv":[6,4,0,0],"texture":"#0"},"down":{"uv":[6,4,0,8],"texture":"#0"}}},{"from":[7,3,3.99],"to":[9,4,3.99],"rotation":{"angle":0,"axis":"x","origin":[8,7,5]},"faces":{"north":{"uv":[8,12,9,12.5],"texture":"#0"},"east":{"uv":[8,12,9,12.5],"texture":"#0"},"south":{"uv":[8,12,9,12.5],"texture":"#0"},"west":{"uv":[8,12,9,12.5],"texture":"#0"},"up":{"uv":[8,12,9,12.5],"texture":"#0"},"down":{"uv":[8,12,9,12.5],"texture":"#0"}}},{"from":[2,3,4],"to":[14,5,12],"rotation":{"angle":0,"axis":"x","origin":[8,3,12]},"faces":{"north":{"uv":[8,9.5,14,10.5],"texture":"#0"},"east":{"uv":[0,11,4,12],"texture":"#0"},"south":{"uv":[8,10.5,14,11.5],"texture":"#0"},"west":{"uv":[4,11,8,12],"texture":"#0"},"up":{"uv":[12,4,6,0],"texture":"#0"},"down":{"uv":[12,4,6,8],"texture":"#0"}}}]}