{"display":{"thirdperson_righthand":{"translation":[0,3,1],"scale":[0.55,0.55,0.55]},"thirdperson_lefthand":{"translation":[0,3,1],"scale":[0.55,0.55,0.55]},"firstperson_righthand":{"rotation":[105.06,-49.46,67.12],"translation":[-4,5.5,4.5],"scale":[0.7,0.7,0.7]},"firstperson_lefthand":{"rotation":[105.06,-49.46,67.12],"translation":[-4,5.5,4.5],"scale":[0.7,0.7,0.7]},"ground":{"translation":[0,1.25,0],"scale":[0.6,0.6,0.6]},"gui":{"rotation":[25,-45,0],"translation":[0,4,0],"scale":[1.3,1.3,1.3]}},"texture_size":[32,32],"textures":{"0":"item/use/pills","particle":"item/use/pills"},"elements":[{"from":[6,0,6],"to":[10,0,10],"faces":{"north":{"uv":[0,0,2,0],"texture":"#0"},"east":{"uv":[0,0,2,0],"texture":"#0"},"south":{"uv":[0,0,2,0],"texture":"#0"},"west":{"uv":[0,0,2,0],"texture":"#0"},"up":{"uv":[2,9,0,7],"texture":"#0"},"down":{"uv":[4,7,2,9],"texture":"#0"}}},{"from":[6,7,6],"to":[10,7,10],"faces":{"north":{"uv":[0,0,2,0],"texture":"#0"},"east":{"uv":[0,0,2,0],"texture":"#0"},"south":{"uv":[0,0,2,0],"texture":"#0"},"west":{"uv":[0,0,2,0],"texture":"#0"},"up":{"uv":[6,9,4,7],"texture":"#0"},"down":{"uv":[8,7,6,9],"texture":"#0"}}},{"from":[7,7,7],"to":[9,8,7],"faces":{"north":{"uv":[8,5,9,5.5],"texture":"#0"},"east":{"uv":[0,0,0,0.5],"texture":"#0"},"south":{"uv":[8,5.5,9,6],"texture":"#0"},"west":{"uv":[0,0,0,0.5],"texture":"#0"},"up":{"uv":[1,0,0,0],"texture":"#0"},"down":{"uv":[1,0,0,0],"texture":"#0"}}},{"from":[7,7,9],"to":[9,8,9],"faces":{"north":{"uv":[8,6,9,6.5],"texture":"#0"},"east":{"uv":[0,0,0,0.5],"texture":"#0"},"south":{"uv":[8,6.5,9,7],"texture":"#0"},"west":{"uv":[0,0,0,0.5],"texture":"#0"},"up":{"uv":[1,0,0,0],"texture":"#0"},"down":{"uv":[1,0,0,0],"texture":"#0"}}},{"from":[9,7,7],"to":[9,8,9],"faces":{"north":{"uv":[0,0,0,0.5],"texture":"#0"},"east":{"uv":[8,7,9,7.5],"texture":"#0"},"south":{"uv":[0,0,0,0.5],"texture":"#0"},"west":{"uv":[8,7.5,9,8],"texture":"#0"},"up":{"uv":[0,1,0,0],"texture":"#0"},"down":{"uv":[0,0,0,1],"texture":"#0"}}},{"from":[7,7,7],"to":[7,8,9],"faces":{"north":{"uv":[0,0,0,0.5],"texture":"#0"},"east":{"uv":[8,8,9,8.5],"texture":"#0"},"south":{"uv":[0,0,0,0.5],"texture":"#0"},"west":{"uv":[8,8.5,9,9],"texture":"#0"},"up":{"uv":[0,1,0,0],"texture":"#0"},"down":{"uv":[0,0,0,1],"texture":"#0"}}},{"from":[6,0,6],"to":[10,7,6],"faces":{"north":{"uv":[0,0,2,3.5],"texture":"#0"},"east":{"uv":[0,0,0,3.5],"texture":"#0"},"south":{"uv":[2,0,4,3.5],"texture":"#0"},"west":{"uv":[0,0,0,3.5],"texture":"#0"},"up":{"uv":[2,0,0,0],"texture":"#0"},"down":{"uv":[2,0,0,0],"texture":"#0"}}},{"from":[6,0,10],"to":[10,7,10],"faces":{"north":{"uv":[0,3.5,2,7],"texture":"#0"},"east":{"uv":[0,0,0,3.5],"texture":"#0"},"south":{"uv":[2,3.5,4,7],"texture":"#0"},"west":{"uv":[0,0,0,3.5],"texture":"#0"},"up":{"uv":[2,0,0,0],"texture":"#0"},"down":{"uv":[2,0,0,0],"texture":"#0"}}},{"from":[6,0,6],"to":[6,7,10],"faces":{"north":{"uv":[0,0,0,3.5],"texture":"#0"},"east":{"uv":[4,0,6,3.5],"texture":"#0"},"south":{"uv":[0,0,0,3.5],"texture":"#0"},"west":{"uv":[4,3.5,6,7],"texture":"#0"},"up":{"uv":[0,2,0,0],"texture":"#0"},"down":{"uv":[0,0,0,2],"texture":"#0"}}},{"from":[10,0,6],"to":[10,7,10],"faces":{"north":{"uv":[0,0,0,3.5],"texture":"#0"},"east":{"uv":[6,0,8,3.5],"texture":"#0"},"south":{"uv":[0,0,0,3.5],"texture":"#0"},"west":{"uv":[6,3.5,8,7],"texture":"#0"},"up":{"uv":[0,2,0,0],"texture":"#0"},"down":{"uv":[0,0,0,2],"texture":"#0"}}},{"from":[6.25,1,7],"to":[8.25,2,8],"rotation":{"angle":-45,"axis":"z","origin":[7,1.5,7.5]},"faces":{"north":{"uv":[0,9,1,9.5],"texture":"#0"},"east":{"uv":[9,7.5,9.5,8],"texture":"#0"},"south":{"uv":[1,9,2,9.5],"texture":"#0"},"west":{"uv":[8,9,8.5,9.5],"texture":"#0"},"up":{"uv":[3,9.5,2,9],"texture":"#0"},"down":{"uv":[4,9,3,9.5],"texture":"#0"}}},{"from":[8.5,0.01,7],"to":[9.5,1.01,9],"rotation":{"angle":22.5,"axis":"y","origin":[7,1.5,7.5]},"faces":{"north":{"uv":[9,8,9.5,8.5],"texture":"#0"},"east":{"uv":[4,9,5,9.5],"texture":"#0"},"south":{"uv":[8.5,9,9,9.5],"texture":"#0"},"west":{"uv":[5,9,6,9.5],"texture":"#0"},"up":{"uv":[9.5,6,9,5],"texture":"#0"},"down":{"uv":[6.5,9,6,10],"texture":"#0"}}},{"from":[7.61522,1,6.57926],"to":[8.61522,2,8.57926],"rotation":{"angle":-22.5,"axis":"y","origin":[8.11522,1.5,7.57926]},"faces":{"north":{"uv":[9,8.5,9.5,9],"texture":"#0"},"east":{"uv":[9,6,10,6.5],"texture":"#0"},"south":{"uv":[9,9,9.5,9.5],"texture":"#0"},"west":{"uv":[6.5,9,7.5,9.5],"texture":"#0"},"up":{"uv":[9.5,7.5,9,6.5],"texture":"#0"},"down":{"uv":[8,9,7.5,10],"texture":"#0"}}}],"gui_light":"front"}