{"display":{"thirdperson_righthand":{"rotation":[177.07,24.69,-179.24],"translation":[-2.75,3,-1.25],"scale":[0.7,0.7,0.7]},"thirdperson_lefthand":{"rotation":[177.07,24.69,-179.24],"translation":[-2.75,3,-1.25],"scale":[0.7,0.7,0.7]},"firstperson_righthand":{"rotation":[-13.83,2.59,19.31],"translation":[-1.25,4,0],"scale":[0.7,0.7,0.7]},"firstperson_lefthand":{"rotation":[-13.83,2.59,19.31],"translation":[-1.25,4,0],"scale":[0.7,0.7,0.7]},"ground":{"translation":[0,2,0],"scale":[0.7,0.7,0.7]},"gui":{"rotation":[25.99,-21.31,13.84],"translation":[0,2.25,0]}},"texture_size":[64,64],"textures":{"0":"item/use/present"},"elements":[{"name":"Head","from":[4,0.5,4],"to":[12,8.5,12],"rotation":{"angle":0,"axis":"x","origin":[8,0,8]},"faces":{"north":{"uv":[2,2,4,4],"texture":"#0"},"east":{"uv":[0,2,2,4],"texture":"#0"},"south":{"uv":[6,2,8,4],"texture":"#0"},"west":{"uv":[4,2,6,4],"texture":"#0"},"up":{"uv":[4,2,2,0],"texture":"#0"},"down":{"uv":[6,0,4,2],"texture":"#0"}}},{"name":"Hat Layer","from":[3.5,0.5,3.5],"to":[12.5,9.5,12.5],"rotation":{"angle":0,"axis":"x","origin":[8,0,8]},"faces":{"north":{"uv":[12,2,10,0],"rotation":180,"texture":"#0"},"east":{"uv":[8,2,10,4],"rotation":90,"texture":"#0"},"south":{"uv":[14,0,12,2],"texture":"#0"},"west":{"uv":[12,2,14,4],"rotation":270,"texture":"#0"},"up":{"uv":[14,2,16,4],"texture":"#0"},"down":{"uv":[10,2,12,4],"rotation":180,"texture":"#0"}}}],"gui_light":"front"}