{"display":{"thirdperson_righthand":{"translation":[0,3,1],"scale":[0.55,0.55,0.55]},"thirdperson_lefthand":{"translation":[0,3,1],"scale":[0.55,0.55,0.55]},"firstperson_righthand":{"rotation":[11,-22,19],"translation":[-5.5,7,-0.75]},"firstperson_lefthand":{"rotation":[11,-22,19],"translation":[-5.5,7,-0.75]},"ground":{"translation":[0,4.5,0]},"gui":{"rotation":[20.75,-45,0],"translation":[-0.5,5.75,0],"scale":[1.4,1.4,1.4]}},"texture_size":[32,32],"textures":{"2":"item/use/pudding_use"},"elements":[{"from":[6,0,5],"to":[11,4,11],"faces":{"north":{"uv":[7.5,3,10,5],"texture":"#2"},"east":{"uv":[2.5,7,5.5,9],"texture":"#2"},"south":{"uv":[7.5,5,10,7],"texture":"#2"},"west":{"uv":[5.5,7,8.5,9],"texture":"#2"},"up":{"uv":[2.5,7,0,4],"texture":"#2"},"down":{"uv":[5,4,2.5,7],"texture":"#2"}}},{"from":[5,5,4],"to":[12,5,12],"faces":{"north":{"uv":[0,0,3.5,0],"texture":"#2"},"east":{"uv":[0,0,4,0],"texture":"#2"},"south":{"uv":[0,0,3.5,0],"texture":"#2"},"west":{"uv":[0,0,4,0],"texture":"#2"},"up":{"uv":[3.5,4,0,0],"texture":"#2"},"down":{"uv":[7,0,3.5,4],"texture":"#2"}}},{"from":[6,5,5],"to":[11,5,11],"rotation":{"angle":-45,"axis":"x","origin":[8.5,5,5]},"faces":{"north":{"uv":[0,0,2.5,0],"texture":"#2"},"east":{"uv":[0,0,3,0],"texture":"#2"},"south":{"uv":[0,0,2.5,0],"texture":"#2"},"west":{"uv":[0,0,3,0],"texture":"#2"},"up":{"uv":[7.5,7,5,4],"texture":"#2"},"down":{"uv":[2.5,7,0,10],"texture":"#2"}}},{"from":[6,4,11],"to":[11,5,11],"faces":{"north":{"uv":[2.5,9,5,9.5],"texture":"#2"},"east":{"uv":[0,0,0,0.5],"texture":"#2"},"south":{"uv":[5,9,7.5,9.5],"texture":"#2"},"west":{"uv":[0,0,0,0.5],"texture":"#2"},"up":{"uv":[2.5,0,0,0],"texture":"#2"},"down":{"uv":[2.5,0,0,0],"texture":"#2"}}},{"from":[6,4,5],"to":[11,5,5],"faces":{"north":{"uv":[7.5,9,10,9.5],"texture":"#2"},"east":{"uv":[0,0,0,0.5],"texture":"#2"},"south":{"uv":[2.5,9.5,5,10],"texture":"#2"},"west":{"uv":[0,0,0,0.5],"texture":"#2"},"up":{"uv":[2.5,0,0,0],"texture":"#2"},"down":{"uv":[2.5,0,0,0],"texture":"#2"}}},{"from":[11,4,5],"to":[11,5,11],"faces":{"north":{"uv":[0,0,0,0.5],"texture":"#2"},"east":{"uv":[8.5,7,11.5,7.5],"texture":"#2"},"south":{"uv":[0,0,0,0.5],"texture":"#2"},"west":{"uv":[8.5,7.5,11.5,8],"texture":"#2"},"up":{"uv":[0,3,0,0],"texture":"#2"},"down":{"uv":[0,0,0,3],"texture":"#2"}}},{"from":[6,4,5],"to":[6,5,11],"faces":{"north":{"uv":[0,0,0,0.5],"texture":"#2"},"east":{"uv":[8.5,8,11.5,8.5],"texture":"#2"},"south":{"uv":[0,0,0,0.5],"texture":"#2"},"west":{"uv":[8.5,8.5,11.5,9],"texture":"#2"},"up":{"uv":[0,3,0,0],"texture":"#2"},"down":{"uv":[0,0,0,3],"texture":"#2"}}},{"from":[7,5,7],"to":[16,5,10],"rotation":{"angle":22.5,"axis":"z","origin":[10.5,5,8.5]},"faces":{"north":{"uv":[0,0,4.5,0],"texture":"#2"},"east":{"uv":[0,0,1.5,0],"texture":"#2"},"south":{"uv":[0,0,4.5,0],"texture":"#2"},"west":{"uv":[0,0,1.5,0],"texture":"#2"},"up":{"uv":[11.5,1.5,7,0],"texture":"#2"},"down":{"uv":[11.5,1.5,7,3],"texture":"#2"}}}]}