{"display":{"thirdperson_righthand":{"translation":[0,3,1],"scale":[0.55,0.55,0.55]},"thirdperson_lefthand":{"translation":[0,3,1],"scale":[0.55,0.55,0.55]},"firstperson_righthand":{"rotation":[7.47,19.14,11.38],"translation":[-0.75,7,-0.75]},"firstperson_lefthand":{"rotation":[7.47,19.14,11.38],"translation":[-0.75,7,-0.75]},"ground":{"translation":[0,2.5,0],"scale":[0.7,0.7,0.7]},"gui":{"rotation":[20.75,-45,0],"translation":[-0.5,6.25,0],"scale":[1.4,1.4,1.4]}},"texture_size":[32,32],"textures":{"0":"item/use/pudding","particle":"item/use/pudding"},"elements":[{"from":[6,0,5],"to":[11,4,11],"faces":{"north":{"uv":[0,7,2.5,9],"texture":"#0"},"east":{"uv":[5,4,8,6],"texture":"#0"},"south":{"uv":[7,0,9.5,2],"texture":"#0"},"west":{"uv":[5,6,8,8],"texture":"#0"},"up":{"uv":[2.5,7,0,4],"texture":"#0"},"down":{"uv":[5,4,2.5,7],"texture":"#0"}}},{"from":[5,5,4],"to":[12,5,12],"faces":{"north":{"uv":[0,0,3.5,0],"texture":"#0"},"east":{"uv":[0,0,4,0],"texture":"#0"},"south":{"uv":[0,0,3.5,0],"texture":"#0"},"west":{"uv":[0,0,4,0],"texture":"#0"},"up":{"uv":[3.5,4,0,0],"texture":"#0"},"down":{"uv":[7,0,3.5,4],"texture":"#0"}}},{"from":[6,4,11],"to":[11,5,11],"faces":{"north":{"uv":[2.5,7,5,7.5],"texture":"#0"},"east":{"uv":[0,0,0,0.5],"texture":"#0"},"south":{"uv":[2.5,7.5,5,8],"texture":"#0"},"west":{"uv":[0,0,0,0.5],"texture":"#0"},"up":{"uv":[2.5,0,0,0],"texture":"#0"},"down":{"uv":[2.5,0,0,0],"texture":"#0"}}},{"from":[6,4,5],"to":[11,5,5],"faces":{"north":{"uv":[2.5,8,5,8.5],"texture":"#0"},"east":{"uv":[0,0,0,0.5],"texture":"#0"},"south":{"uv":[8,4,10.5,4.5],"texture":"#0"},"west":{"uv":[0,0,0,0.5],"texture":"#0"},"up":{"uv":[2.5,0,0,0],"texture":"#0"},"down":{"uv":[2.5,0,0,0],"texture":"#0"}}},{"from":[11,4,5],"to":[11,5,11],"faces":{"north":{"uv":[0,0,0,0.5],"texture":"#0"},"east":{"uv":[7,3,10,3.5],"texture":"#0"},"south":{"uv":[0,0,0,0.5],"texture":"#0"},"west":{"uv":[7,3.5,10,4],"texture":"#0"},"up":{"uv":[0,3,0,0],"texture":"#0"},"down":{"uv":[0,0,0,3],"texture":"#0"}}},{"from":[6,4,5],"to":[6,5,11],"faces":{"north":{"uv":[0,0,0,0.5],"texture":"#0"},"east":{"uv":[7,2,10,2.5],"texture":"#0"},"south":{"uv":[0,0,0,0.5],"texture":"#0"},"west":{"uv":[7,2.5,10,3],"texture":"#0"},"up":{"uv":[0,3,0,0],"texture":"#0"},"down":{"uv":[0,0,0,3],"texture":"#0"}}}]}