{"display":{"thirdperson_righthand":{"rotation":[0,180,0],"translation":[0,3,1.5],"scale":[0.55,0.55,0.55]},"thirdperson_lefthand":{"rotation":[0,180,0],"translation":[0,3,1.5],"scale":[0.55,0.55,0.55]},"firstperson_righthand":{"rotation":[160,30,180],"translation":[0,6.5,0]},"firstperson_lefthand":{"rotation":[160,30,180],"translation":[0,6.5,0]},"ground":{"translation":[0,2,0],"scale":[0.5,0.5,0.5]},"gui":{"rotation":[-150,34,-180],"translation":[0,1.25,0],"scale":[1.1,1.1,1.1]},"head":{"rotation":[0,180,0],"translation":[0,2.75,7]},"fixed":{"translation":[0,2.5,0]}},"texture_size":[32,32],"textures":{"0":"item/use/radio","particle":"item/use/radio"},"elements":[{"from":[6,0,7],"to":[11,9,10],"faces":{"north":{"uv":[0,0,2.5,4.5],"texture":"#0"},"east":{"uv":[7.5,0,9,4.5],"texture":"#0"},"south":{"uv":[2.5,0,5,4.5],"texture":"#0"},"west":{"uv":[7.5,4.5,9,9],"texture":"#0"},"up":{"uv":[7,10.5,4.5,9],"texture":"#0"},"down":{"uv":[11.5,4.5,9,6],"texture":"#0"}}},{"name":"outer","from":[5.5,-0.5,6.5],"to":[11.5,9.5,10.5],"faces":{"north":{"uv":[5,0,7.5,4.5],"texture":"#0"},"east":{"uv":[1.5,9,3,13.5],"texture":"#0"},"south":{"uv":[5,4.5,7.5,9],"texture":"#0"},"west":{"uv":[3,9,4.5,13.5],"texture":"#0"},"up":{"uv":[11.5,9,9,7.5],"texture":"#0"},"down":{"uv":[12,9,9.5,10.5],"texture":"#0"}}},{"from":[10,9,8],"to":[11,13,9],"faces":{"north":{"uv":[10.5,0,11,2],"texture":"#0"},"east":{"uv":[10.5,2,11,4],"texture":"#0"},"south":{"uv":[4.5,10.5,5,12.5],"texture":"#0"},"west":{"uv":[5,10.5,5.5,12.5],"texture":"#0"},"up":{"uv":[9,11,8.5,10.5],"texture":"#0"},"down":{"uv":[9.5,10.5,9,11],"texture":"#0"}}},{"from":[6,9,8],"to":[8,10,9],"faces":{"north":{"uv":[10.5,4,11.5,4.5],"texture":"#0"},"east":{"uv":[9.5,10.5,10,11],"texture":"#0"},"south":{"uv":[5.5,10.5,6.5,11],"texture":"#0"},"west":{"uv":[10,10.5,10.5,11],"texture":"#0"},"up":{"uv":[7.5,11,6.5,10.5],"texture":"#0"},"down":{"uv":[8.5,10.5,7.5,11],"texture":"#0"}}}]}