{"display":{"thirdperson_righthand":{"rotation":[24.12,6.2,-0.23],"translation":[-1.75,4,2.5],"scale":[0.55,0.55,0.55]},"thirdperson_lefthand":{"rotation":[24.12,6.2,-0.23],"translation":[-1.75,4,2.5],"scale":[0.55,0.55,0.55]},"firstperson_righthand":{"rotation":[35.25,-20.19,18.64],"translation":[-5.75,6.5,3.5]},"firstperson_lefthand":{"rotation":[35.25,-20.19,18.64],"translation":[-5.75,6.5,3.5]},"ground":{"translation":[0,2.75,0],"scale":[0.7,0.7,0.7]},"gui":{"rotation":[35,45,0],"translation":[0,4.5,0],"scale":[1.3,1.3,1.3]},"head":{"rotation":[37.75,0,0],"translation":[0,-4.75,-7.25]},"fixed":{"rotation":[0,180,0],"translation":[0,3.75,0]}},"texture_size":[32,32],"textures":{"0":"item/use/soda","particle":"item/use/soda"},"elements":[{"from":[6,0,6],"to":[11,8,11],"faces":{"north":{"uv":[5,0,7.5,4],"texture":"#0"},"east":{"uv":[5,4,7.5,8],"texture":"#0"},"south":{"uv":[7.5,0,10,4],"texture":"#0"},"west":{"uv":[7.5,4,10,8],"texture":"#0"},"up":{"uv":[12.5,2.5,10,0],"texture":"#0"},"down":{"uv":[10,8,7.5,10.5],"texture":"#0"}}},{"from":[5.5,-0.5,5.5],"to":[11.5,8.5,11.5],"faces":{"north":{"uv":[0,0,2.5,4],"texture":"#0"},"east":{"uv":[2.5,0,5,4],"texture":"#0"},"south":{"uv":[0,4,2.5,8],"texture":"#0"},"west":{"uv":[2.5,4,5,8],"texture":"#0"},"up":{"uv":[2.5,9,0,8],"texture":"#0"},"down":{"uv":[5,8,2.5,10.5],"texture":"#0"}}}]}