{"display":{"thirdperson_righthand":{"rotation":[101.75,46,157.5],"translation":[-1.75,0.5,1.75],"scale":[0.5,0.5,0.5]},"thirdperson_lefthand":{"rotation":[101.75,46,57.5],"translation":[-1.75,0.5,1.75],"scale":[0.5,0.5,0.5]},"firstperson_righthand":{"rotation":[82.6,45.56,68.73],"translation":[1.25,1.75,-4]},"firstperson_lefthand":{"rotation":[80.73,50.28,-2.93],"translation":[1.25,1.75,-4]},"ground":{"scale":[0.5,0.5,0.5]}},"parent":"minecraft:item/generated","textures":{"layer0":"item/use/stim"}}