{"display":{"thirdperson_righthand":{"translation":[0,3.5,-4.25]},"thirdperson_lefthand":{"translation":[0,3.5,-4.25]},"firstperson_righthand":{"translation":[1.25,15.75,-7]},"firstperson_lefthand":{"translation":[1.25,15.75,-7]},"ground":{"translation":[0,3.25,0]},"gui":{"rotation":[-170.25,-71.5,-180],"translation":[1.75,1,0]}},"texture_size":[32,32],"textures":{"0":"item/use/watergun","particle":"item/use/watergun"},"elements":[{"from":[7,1,12],"to":[9,5,14],"rotation":{"angle":-22.5,"axis":"x","origin":[8,5,12]},"faces":{"north":{"uv":[10.5,2,11.5,4],"texture":"#0"},"east":{"uv":[11,10.5,12,12.5],"texture":"#0"},"south":{"uv":[11.5,2,12.5,4],"texture":"#0"},"west":{"uv":[4,12,5,14],"texture":"#0"},"up":{"uv":[8,13,7,12],"texture":"#0"},"down":{"uv":[13,7,12,8],"texture":"#0"}}},{"from":[8,3,10],"to":[8,5,14],"rotation":{"angle":0,"axis":"y","origin":[8,5,12]},"faces":{"north":{"uv":[0,0,0,1],"texture":"#0"},"east":{"uv":[12,4,14,5],"texture":"#0"},"south":{"uv":[0,0,0,1],"texture":"#0"},"west":{"uv":[5,12,7,13],"texture":"#0"},"up":{"uv":[0,2,0,0],"texture":"#0"},"down":{"uv":[0,0,0,2],"texture":"#0"}}},{"from":[7,4,2],"to":[9,5,10],"rotation":{"angle":0,"axis":"y","origin":[8,5,12]},"faces":{"north":{"uv":[12,9.5,13,10],"texture":"#0"},"east":{"uv":[12,5,16,5.5],"texture":"#0"},"south":{"uv":[10,12,11,12.5],"texture":"#0"},"west":{"uv":[12,5.5,16,6],"texture":"#0"},"up":{"uv":[11,12,10,8],"texture":"#0"},"down":{"uv":[1,10.5,0,14.5],"texture":"#0"}}},{"from":[7,3,3],"to":[9,4,8],"rotation":{"angle":0,"axis":"y","origin":[8,5,12]},"faces":{"north":{"uv":[9,12,10,12.5],"texture":"#0"},"east":{"uv":[12,6,14.5,6.5],"texture":"#0"},"south":{"uv":[12,9,13,9.5],"texture":"#0"},"west":{"uv":[12,6.5,14.5,7],"texture":"#0"},"up":{"uv":[4,13,3,10.5],"texture":"#0"},"down":{"uv":[12,8,11,10.5],"texture":"#0"}}},{"from":[6,5,9],"to":[10,9,17],"rotation":{"angle":0,"axis":"y","origin":[7,0,12]},"faces":{"north":{"uv":[8,6,10,8],"texture":"#0"},"east":{"uv":[4,4,8,6],"texture":"#0"},"south":{"uv":[8,8,10,10],"texture":"#0"},"west":{"uv":[4,6,8,8],"texture":"#0"},"up":{"uv":[8.5,4,6.5,0],"texture":"#0"},"down":{"uv":[6,8,4,12],"texture":"#0"}}},{"from":[5.75,4.75,3.75],"to":[10.25,9.25,17.25],"rotation":{"angle":0,"axis":"y","origin":[7,0,12]},"faces":{"north":{"uv":[8,4,10,6],"texture":"#0"},"east":{"uv":[0,0,6.5,2],"texture":"#0"},"south":{"uv":[6,8,8,10],"texture":"#0"},"west":{"uv":[0,2,6.5,4],"texture":"#0"},"up":{"uv":[2,10.5,0,4],"texture":"#0"},"down":{"uv":[4,4,2,10.5],"texture":"#0"}}},{"from":[6,5,4],"to":[10,9,8],"rotation":{"angle":0,"axis":"y","origin":[7,0,12]},"faces":{"north":{"uv":[8.5,0,10.5,2],"texture":"#0"},"east":{"uv":[8.5,2,10.5,4],"texture":"#0"},"south":{"uv":[10,4,12,6],"texture":"#0"},"west":{"uv":[6,10,8,12],"texture":"#0"},"up":{"uv":[12,8,10,6],"texture":"#0"},"down":{"uv":[10,10,8,12],"texture":"#0"}}},{"from":[7,6,2],"to":[9,8,9],"rotation":{"angle":0,"axis":"y","origin":[7,1,8]},"faces":{"north":{"uv":[8,12,9,13],"texture":"#0"},"east":{"uv":[10.5,0,14,1],"texture":"#0"},"south":{"uv":[12,8,13,9],"texture":"#0"},"west":{"uv":[10.5,1,14,2],"texture":"#0"},"up":{"uv":[2,14,1,10.5],"texture":"#0"},"down":{"uv":[3,10.5,2,14],"texture":"#0"}}}]}