{"display":{"thirdperson_righthand":{"translation":[0,3,1],"scale":[0.55,0.55,0.55]},"thirdperson_lefthand":{"translation":[0,3,1],"scale":[0.55,0.55,0.55]},"firstperson_righthand":{"rotation":[-20.31,-60.78,0.9],"translation":[0.63,4.45,1.13],"scale":[0.68,0.68,0.68]},"firstperson_lefthand":{"rotation":[-20.31,-60.78,0.9],"translation":[1.38,4.45,-0.87],"scale":[0.68,0.68,0.68]},"ground":{"translation":[0,2,0],"scale":[0.5,0.5,0.5]},"gui":{"translation":[0,1,0]},"fixed":{"rotation":[0,180,0]}},"textures":{"2":"item/entities/graycard","particle":"item/entities/graycard"},"elements":[{"from":[3,0,7],"to":[13,13,8],"rotation":{"angle":0,"axis":"y","origin":[8,6.5,7.5]},"faces":{"north":{"uv":[0,0,16,16],"texture":"#2"},"east":{"uv":[14.45,0,16,16],"texture":"#2"},"south":{"uv":[0,0,16,16],"texture":"#2"},"west":{"uv":[0,0,1.55,16],"texture":"#2"},"up":{"uv":[0,0,16,1],"rotation":180,"texture":"#2"},"down":{"uv":[0,15,16,16],"rotation":180,"texture":"#2"}}}],"gui_light":"front"}