{"display":{"thirdperson_righthand":{"translation":[0,3,1],"scale":[0.55,0.55,0.55]},"thirdperson_lefthand":{"translation":[0,3,1],"scale":[0.55,0.55,0.55]},"firstperson_righthand":{"rotation":[-20.31,-60.78,0.9],"translation":[1.38,4.45,-0.87],"scale":[0.68,0.68,0.68]},"firstperson_lefthand":{"rotation":[-20.31,-60.78,0.9],"translation":[1.38,4.45,-0.87],"scale":[0.68,0.68,0.68]},"ground":{"translation":[0,2,0],"scale":[0.5,0.5,0.5]},"gui":{"translation":[0,1,0]},"fixed":{"rotation":[0,180,0]}},"textures":{"1":"item/entities/cards"},"elements":[{"from":[3,0,7],"to":[13,13,8],"rotation":{"angle":0,"axis":"y","origin":[8,6.5,7.5]},"faces":{"north":{"uv":[8,5.4,16,10.65],"texture":"#1"},"east":{"uv":[8,5.4,8.75,10.65],"texture":"#1"},"south":{"uv":[0,5.4,8,10.65],"texture":"#1"},"west":{"uv":[15.25,5.4,16,10.65],"texture":"#1"},"up":{"uv":[8,5.4,16,5.6],"rotation":180,"texture":"#1"},"down":{"uv":[8,10.7,16,10.9],"rotation":180,"texture":"#1"}}}],"gui_light":"front"}