{"display":{"thirdperson_righthand":{"rotation":[180,0,180],"translation":[0,5.5,2]},"thirdperson_lefthand":{"rotation":[180,0,180],"translation":[0,5.5,2]},"firstperson_righthand":{"rotation":[179.75,-26.35,-158.29],"translation":[2.25,16,1.25]},"firstperson_lefthand":{"rotation":[179.75,-26.35,-158.29],"translation":[2.25,16,1.25]},"ground":{"translation":[0,3.25,0]},"gui":{"rotation":[-45.86,-53.3,-61.47],"translation":[3.5,2,0],"scale":[0.8,0.8,0.8]}},"texture_size":[32,32],"textures":{"1":"item/gear/helicoprion"},"elements":[{"from":[7,-0.25,-1.5],"to":[9,2.75,1.5],"rotation":{"angle":0,"axis":"y","origin":[8,0.75,-1.5]},"faces":{"north":{"uv":[8,6,9,7.5],"texture":"#1"},"east":{"uv":[2,7.5,3.5,9],"texture":"#1"},"south":{"uv":[8,7.5,9,9],"texture":"#1"},"west":{"uv":[8,4.5,9.5,6],"texture":"#1"},"up":{"uv":[7,10,6,8.5],"texture":"#1"},"down":{"uv":[8,8.5,7,10],"texture":"#1"}}},{"from":[7,2.75,-1.5],"to":[9,3.75,0.5],"rotation":{"angle":0,"axis":"y","origin":[8,0.75,-1.5]},"faces":{"north":{"uv":[10,4,11,4.5],"texture":"#1"},"east":{"uv":[6,10,7,10.5],"texture":"#1"},"south":{"uv":[10,6,11,6.5],"texture":"#1"},"west":{"uv":[10,6.5,11,7],"texture":"#1"},"up":{"uv":[10.5,6,9.5,5],"texture":"#1"},"down":{"uv":[9,9.5,8,10.5],"texture":"#1"}}},{"from":[7,2,11.5],"to":[9,3,17.5],"rotation":{"angle":0,"axis":"y","origin":[8,3,6.5]},"faces":{"north":{"uv":[7,10,8,10.5],"texture":"#1"},"east":{"uv":[8,9,11,9.5],"texture":"#1"},"south":{"uv":[10,7,11,7.5],"texture":"#1"},"west":{"uv":[9.5,4.5,12.5,5],"texture":"#1"},"up":{"uv":[1,10.5,0,7.5],"texture":"#1"},"down":{"uv":[2,7.5,1,10.5],"texture":"#1"}}},{"from":[7,3,5.5],"to":[9,6,21.5],"rotation":{"angle":0,"axis":"y","origin":[8,3,6.5]},"faces":{"north":{"uv":[9,6,10,7.5],"texture":"#1"},"east":{"uv":[4,0,12,1.5],"texture":"#1"},"south":{"uv":[9,7.5,10,9],"texture":"#1"},"west":{"uv":[4,1.5,12,3],"texture":"#1"},"up":{"uv":[5,11,4,3],"texture":"#1"},"down":{"uv":[6,3,5,11],"texture":"#1"}}},{"from":[8,1,2.5],"to":[8,7,10.5],"rotation":{"angle":0,"axis":"y","origin":[8,3,6.5]},"faces":{"north":{"uv":[0,0,0,3],"texture":"#1"},"east":{"uv":[0,0,4,3],"texture":"#1"},"south":{"uv":[0,0,0,3],"texture":"#1"},"west":{"uv":[0,3,4,6],"texture":"#1"},"up":{"uv":[0,4,0,0],"texture":"#1"},"down":{"uv":[0,0,0,4],"texture":"#1"}}},{"from":[7.01,1.01,0.26],"to":[8.99,3.99,8.24],"rotation":{"angle":-22.5,"axis":"x","origin":[8,3.5,3.75]},"faces":{"north":{"uv":[2,9,3,10.5],"texture":"#1"},"east":{"uv":[0,6,4,7.5],"texture":"#1"},"south":{"uv":[3,9,4,10.5],"texture":"#1"},"west":{"uv":[6,3,10,4.5],"texture":"#1"},"up":{"uv":[7,8.5,6,4.5],"texture":"#1"},"down":{"uv":[8,4.5,7,8.5],"texture":"#1"}}},{"from":[8.5,5.5,18.5],"to":[9.5,7.5,19.5],"rotation":{"angle":-22.5,"axis":"z","origin":[9,5.5,19]},"faces":{"north":{"uv":[12,0,12.5,1],"texture":"#1"},"east":{"uv":[12,0,12.5,1],"texture":"#1"},"south":{"uv":[12,0,12.5,1],"texture":"#1"},"west":{"uv":[12,0,12.5,1],"texture":"#1"},"up":{"uv":[13,0.5,12.5,0],"texture":"#1"},"down":{"uv":[13,0.5,12.5,1],"texture":"#1"}}},{"from":[8.5,5.5,16.5],"to":[9.5,7.5,17.5],"rotation":{"angle":-22.5,"axis":"z","origin":[9,5.5,17]},"faces":{"north":{"uv":[12,0,12.5,1],"texture":"#1"},"east":{"uv":[12,0,12.5,1],"texture":"#1"},"south":{"uv":[12,0,12.5,1],"texture":"#1"},"west":{"uv":[12,0,12.5,1],"texture":"#1"},"up":{"uv":[13,0.5,12.5,0],"texture":"#1"},"down":{"uv":[13,0.5,12.5,1],"texture":"#1"}}},{"from":[8.5,5.5,10.5],"to":[9.5,7.5,11.5],"rotation":{"angle":-22.5,"axis":"z","origin":[9,5.5,11]},"faces":{"north":{"uv":[12,0,12.5,1],"texture":"#1"},"east":{"uv":[12,0,12.5,1],"texture":"#1"},"south":{"uv":[12,0,12.5,1],"texture":"#1"},"west":{"uv":[12,0,12.5,1],"texture":"#1"},"up":{"uv":[13,0.5,12.5,0],"texture":"#1"},"down":{"uv":[13,0.5,12.5,1],"texture":"#1"}}},{"from":[8.5,5.5,12.5],"to":[9.5,7.5,13.5],"rotation":{"angle":-22.5,"axis":"z","origin":[9,5.5,13]},"faces":{"north":{"uv":[12,0,12.5,1],"texture":"#1"},"east":{"uv":[12,0,12.5,1],"texture":"#1"},"south":{"uv":[12,0,12.5,1],"texture":"#1"},"west":{"uv":[12,0,12.5,1],"texture":"#1"},"up":{"uv":[13,0.5,12.5,0],"texture":"#1"},"down":{"uv":[13,0.5,12.5,1],"texture":"#1"}}},{"from":[8.5,5.5,14.5],"to":[9.5,7.5,15.5],"rotation":{"angle":-22.5,"axis":"z","origin":[9,5.5,15]},"faces":{"north":{"uv":[12,0,12.5,1],"texture":"#1"},"east":{"uv":[12,0,12.5,1],"texture":"#1"},"south":{"uv":[12,0,12.5,1],"texture":"#1"},"west":{"uv":[12,0,12.5,1],"texture":"#1"},"up":{"uv":[13,0.5,12.5,0],"texture":"#1"},"down":{"uv":[13,0.5,12.5,1],"texture":"#1"}}}]}