{"display":{"thirdperson_righthand":{"translation":[0,2.75,-3],"scale":[0.9,0.9,0.9]},"thirdperson_lefthand":{"translation":[0,2.75,-3],"scale":[0.9,0.9,0.9]},"firstperson_righthand":{"translation":[0,13.75,-4.5]},"firstperson_lefthand":{"translation":[0,13.75,-4.5]},"ground":{"translation":[0,3.5,0]},"gui":{"rotation":[143.66,69.58,-146.68],"translation":[0,1.75,0],"scale":[0.65,0.65,0.65]}},"texture_size":[32,32],"textures":{"0":"item/gear/rifle_texture","particle":"item/gear/rifle_texture"},"elements":[{"from":[7,5,15],"to":[9,7,17],"rotation":{"angle":0,"axis":"y","origin":[8,4,7.5]},"faces":{"north":{"uv":[6,8,7,9],"texture":"#0"},"east":{"uv":[8,6.5,9,7.5],"texture":"#0"},"south":{"uv":[7,8,8,9],"texture":"#0"},"west":{"uv":[8,7.5,9,8.5],"texture":"#0"},"up":{"uv":[1,9.5,0,8.5],"texture":"#0"},"down":{"uv":[3.5,8.5,2.5,9.5],"texture":"#0"}}},{"from":[7,4,17],"to":[9,7,21],"rotation":{"angle":0,"axis":"y","origin":[8,4,7.5]},"faces":{"north":{"uv":[5,7,6,8.5],"texture":"#0"},"east":{"uv":[3.5,2,5.5,3.5],"texture":"#0"},"south":{"uv":[7,6.5,8,8],"texture":"#0"},"west":{"uv":[3.5,3.5,5.5,5],"texture":"#0"},"up":{"uv":[7,8,6,6],"texture":"#0"},"down":{"uv":[1,6.5,0,8.5],"texture":"#0"}}},{"from":[7.5,0,8],"to":[8.5,4,11],"rotation":{"angle":0,"axis":"y","origin":[8,4,7.5]},"faces":{"north":{"uv":[7.5,0,8,2],"texture":"#0"},"east":{"uv":[2,3,3.5,5],"texture":"#0"},"south":{"uv":[2,7.5,2.5,9.5],"texture":"#0"},"west":{"uv":[3.5,0,5,2],"texture":"#0"},"up":{"uv":[5,10,4.5,8.5],"texture":"#0"},"down":{"uv":[5.5,8.5,5,10],"texture":"#0"}}},{"from":[7.01,-1.47744,12.51522],"to":[8.99,2.50256,14.49522],"rotation":{"angle":-22.5,"axis":"x","origin":[8,4,7.5]},"faces":{"north":{"uv":[4,5,5,7],"texture":"#0"},"east":{"uv":[5,5,6,7],"texture":"#0"},"south":{"uv":[5.5,2,6.5,4],"texture":"#0"},"west":{"uv":[6,4,7,6],"texture":"#0"},"up":{"uv":[9,2,8,1],"texture":"#0"},"down":{"uv":[9,3,8,4],"texture":"#0"}}},{"from":[7.5,5.5,-4],"to":[8.5,6.5,3],"rotation":{"angle":0,"axis":"y","origin":[8,4,7.5]},"faces":{"north":{"uv":[5.5,4,6,4.5],"texture":"#0"},"east":{"uv":[6.5,2,10,2.5],"texture":"#0"},"south":{"uv":[5.5,4.5,6,5],"texture":"#0"},"west":{"uv":[6.5,2.5,10,3],"texture":"#0"},"up":{"uv":[1.5,10,1,6.5],"texture":"#0"},"down":{"uv":[2,6.5,1.5,10],"texture":"#0"}}},{"from":[8,6.5,1],"to":[8,8.5,3],"rotation":{"angle":0,"axis":"y","origin":[8,4,7.5]},"faces":{"north":{"uv":[0,0,0,1],"texture":"#0"},"east":{"uv":[3.5,8.5,4.5,9.5],"texture":"#0"},"south":{"uv":[0,0,0,1],"texture":"#0"},"west":{"uv":[8.5,4,9.5,5],"texture":"#0"},"up":{"uv":[0,1,0,0],"texture":"#0"},"down":{"uv":[0,0,0,1],"texture":"#0"}}},{"from":[5.58579,4.41421,3],"to":[7.58579,6.41421,8],"rotation":{"angle":-45,"axis":"z","origin":[8,4,7.5]},"faces":{"north":{"uv":[2.5,7.5,3.5,8.5],"texture":"#0"},"east":{"uv":[5,0,7.5,1],"texture":"#0"},"south":{"uv":[8,0,9,1],"texture":"#0"},"west":{"uv":[5,1,7.5,2],"texture":"#0"},"up":{"uv":[3,7.5,2,5],"texture":"#0"},"down":{"uv":[4,5,3,7.5],"texture":"#0"}}},{"from":[7,4,8],"to":[9,7,15],"rotation":{"angle":0,"axis":"y","origin":[8,4,7.5]},"faces":{"north":{"uv":[7,3,8,4.5],"texture":"#0"},"east":{"uv":[0,0,3.5,1.5],"texture":"#0"},"south":{"uv":[4,7,5,8.5],"texture":"#0"},"west":{"uv":[0,1.5,3.5,3],"texture":"#0"},"up":{"uv":[1,6.5,0,3],"texture":"#0"},"down":{"uv":[2,3,1,6.5],"texture":"#0"}}},{"from":[8,2,11],"to":[8,4,14],"rotation":{"angle":0,"axis":"y","origin":[8,4,7.5]},"faces":{"north":{"uv":[0,0,0,1],"texture":"#0"},"east":{"uv":[7,4.5,8.5,5.5],"texture":"#0"},"south":{"uv":[0,0,0,1],"texture":"#0"},"west":{"uv":[7,5.5,8.5,6.5],"texture":"#0"},"up":{"uv":[0,1.5,0,0],"texture":"#0"},"down":{"uv":[0,0,0,1.5],"texture":"#0"}}},{"from":[7,7,14],"to":[9,8,14],"rotation":{"angle":0,"axis":"y","origin":[-0.5,0,-0.5]},"faces":{"north":{"uv":[9,0,10,0.5],"texture":"#0"},"east":{"uv":[0,0,0,0.5],"texture":"#0"},"south":{"uv":[9,0.5,10,1],"texture":"#0"},"west":{"uv":[0,0,0,0.5],"texture":"#0"},"up":{"uv":[0,0,1,0],"texture":"#0"},"down":{"uv":[0,0,1,0],"texture":"#0"}}}]}