{"display":{"thirdperson_righthand":{"translation":[0,4,-1]},"thirdperson_lefthand":{"translation":[0,4,-1]},"firstperson_righthand":{"rotation":[12.5,1.75,-0.01],"translation":[0,15.5,-0.25]},"firstperson_lefthand":{"rotation":[12.5,1.75,-0.01],"translation":[0,15.5,-0.25]},"ground":{"translation":[0,3.5,0]},"gui":{"rotation":[165,45,180],"translation":[0,4.5,0],"scale":[1.15039,1.15039,1.15039]},"fixed":{"rotation":[0,90,0],"translation":[0,3,0]}},"textures":{"0":"item/gear/desert_eagle","particle":"item/gear/desert_eagle"},"elements":[{"from":[7,4,3],"to":[9,6,12],"faces":{"north":{"uv":[6,9,8,11],"texture":"#0"},"east":{"uv":[0,0,9,2],"texture":"#0"},"south":{"uv":[8,9,10,11],"texture":"#0"},"west":{"uv":[0,2,9,4],"texture":"#0"},"up":{"uv":[2,13,0,4],"texture":"#0"},"down":{"uv":[4,4,2,13],"texture":"#0"}}},{"from":[7.01,0,9.75],"to":[8.99,5,11.75],"rotation":{"angle":-22.5,"axis":"x","origin":[8,4,11]},"faces":{"north":{"uv":[4,4,6,9],"texture":"#0"},"east":{"uv":[6,4,8,9],"texture":"#0"},"south":{"uv":[8,4,10,9],"texture":"#0"},"west":{"uv":[4,9,6,14],"texture":"#0"},"up":{"uv":[12,6,10,4],"texture":"#0"},"down":{"uv":[12,6,10,8],"texture":"#0"}}},{"from":[8,2,8],"to":[8,4,11],"faces":{"north":{"uv":[0,0,0,2],"texture":"#0"},"east":{"uv":[9,0,12,2],"texture":"#0"},"south":{"uv":[0,0,0,2],"texture":"#0"},"west":{"uv":[9,2,12,4],"texture":"#0"},"up":{"uv":[0,3,0,0],"texture":"#0"},"down":{"uv":[0,0,0,3],"texture":"#0"}}},{"from":[7,6,12],"to":[9,6,13],"rotation":{"angle":-22.5,"axis":"x","origin":[8,6,12]},"faces":{"north":{"uv":[0,0,2,0],"texture":"#0"},"east":{"uv":[0,0,1,0],"texture":"#0"},"south":{"uv":[0,0,2,0],"texture":"#0"},"west":{"uv":[0,0,1,0],"texture":"#0"},"up":{"uv":[12,11,10,10],"texture":"#0"},"down":{"uv":[8,11,6,12],"texture":"#0"}}},{"from":[7,4,12],"to":[9,4,13],"faces":{"north":{"uv":[0,0,2,0],"texture":"#0"},"east":{"uv":[0,0,1,0],"texture":"#0"},"south":{"uv":[0,0,2,0],"texture":"#0"},"west":{"uv":[0,0,1,0],"texture":"#0"},"up":{"uv":[10,12,8,11],"texture":"#0"},"down":{"uv":[12,11,10,12],"texture":"#0"}}},{"from":[7,6,4],"to":[9,7,4],"faces":{"north":{"uv":[10,8,12,9],"texture":"#0"},"east":{"uv":[0,0,0,1],"texture":"#0"},"south":{"uv":[10,9,12,10],"texture":"#0"},"west":{"uv":[0,0,0,1],"texture":"#0"},"up":{"uv":[2,0,0,0],"texture":"#0"},"down":{"uv":[2,0,0,0],"texture":"#0"}}}]}