{"display":{"thirdperson_righthand":{"rotation":[50.5,0,0],"translation":[0,4,1.75],"scale":[0.75,0.75,0.75]},"thirdperson_lefthand":{"rotation":[50.5,0,0],"translation":[0,4,1.75],"scale":[0.75,0.75,0.75]},"firstperson_righthand":{"rotation":[1.16,32.25,-0.6],"translation":[-3.75,15.5,0]},"firstperson_lefthand":{"rotation":[1.16,32.25,-0.6],"translation":[-3.75,15.5,0]},"ground":{"translation":[0,2,0],"scale":[0.75,0.75,0.75]},"gui":{"rotation":[160,45,-180],"translation":[0,7.25,0],"scale":[1.17,1.17,1.17]},"fixed":{"rotation":[0,-87.75,0],"translation":[0,3,0]}},"textures":{"0":"item/gear/revolver","particle":"item/gear/revolver"},"elements":[{"from":[7,0,10],"to":[9,5,12],"rotation":{"angle":-45,"axis":"x","origin":[8,5,11]},"faces":{"north":{"uv":[10,3,12,8],"texture":"#0"},"east":{"uv":[10,8,12,13],"texture":"#0"},"south":{"uv":[0,11,2,16],"texture":"#0"},"west":{"uv":[2,11,4,16],"texture":"#0"},"up":{"uv":[10,5,8,3],"texture":"#0"},"down":{"uv":[10,5,8,7],"texture":"#0"}}},{"from":[6.5,1,8],"to":[9.5,5,11],"rotation":{"angle":22.5,"axis":"x","origin":[8,4,12]},"faces":{"north":{"uv":[7,11,4,7],"rotation":180,"texture":"#0"},"east":{"uv":[4,4,8,7],"rotation":90,"texture":"#0"},"south":{"uv":[10,7,7,11],"texture":"#0"},"west":{"uv":[7,0,11,3],"rotation":270,"texture":"#0"},"up":{"uv":[4,11,7,14],"texture":"#0"},"down":{"uv":[11,0,14,3],"rotation":180,"texture":"#0"}}},{"from":[7,-6,8],"to":[9,1,10],"rotation":{"angle":22.5,"axis":"x","origin":[8,4,12]},"faces":{"north":{"uv":[2,11,0,4],"rotation":180,"texture":"#0"},"east":{"uv":[0,0,7,2],"rotation":90,"texture":"#0"},"south":{"uv":[4,4,2,11],"texture":"#0"},"west":{"uv":[0,2,7,4],"rotation":270,"texture":"#0"},"up":{"uv":[12,7,14,9],"texture":"#0"},"down":{"uv":[12,5,14,7],"rotation":180,"texture":"#0"}}},{"from":[8,-1,10],"to":[8.01,2,12],"rotation":{"angle":22.5,"axis":"x","origin":[8,4,12]},"faces":{"north":{"uv":[0,3,0,0],"rotation":180,"texture":"#0"},"east":{"uv":[7,11,10,13],"rotation":90,"texture":"#0"},"south":{"uv":[0,0,0,3],"texture":"#0"},"west":{"uv":[12,3,15,5],"rotation":270,"texture":"#0"},"up":{"uv":[0,0,0,2],"texture":"#0"},"down":{"uv":[0,0,0,2],"rotation":180,"texture":"#0"}}},{"from":[8,5.5,9.5],"to":[8.01,7.5,10.5],"rotation":{"angle":0,"axis":"x","origin":[8,5.5,12]},"faces":{"north":{"uv":[0,2,0,0],"rotation":180,"texture":"#0"},"east":{"uv":[12,11,14,12],"rotation":90,"texture":"#0"},"south":{"uv":[0,0,0,2],"texture":"#0"},"west":{"uv":[12,12,14,13],"rotation":270,"texture":"#0"},"up":{"uv":[0,0,0,1],"texture":"#0"},"down":{"uv":[0,0,0,1],"rotation":180,"texture":"#0"}}},{"from":[8,-6,7],"to":[8.01,-4,8],"rotation":{"angle":22.5,"axis":"x","origin":[8,4,12]},"faces":{"north":{"uv":[0,2,0,0],"rotation":180,"texture":"#0"},"east":{"uv":[12,9,14,10],"rotation":90,"texture":"#0"},"south":{"uv":[0,0,0,2],"texture":"#0"},"west":{"uv":[12,10,14,11],"rotation":270,"texture":"#0"},"up":{"uv":[0,0,0,1],"texture":"#0"},"down":{"uv":[0,0,0,1],"rotation":180,"texture":"#0"}}}]}