{
    "model": {
        "type": "range_dispatch",
        "property": "custom_model_data",
        "fallback": {
            "type": "model",
            "model": "item/bamboo_chest_raft"
        },
        "entries": [
            {
                "threshold": 1,
                "model": {
                    "type": "model",
                    "model": "item/cosmetic/back/cloak/staff"
                }
            },
            {
                "threshold": 2,
                "model": {
                    "type": "model",
                    "model": "item/cosmetic/back/cloak/staff_sneak"
                }
            }
        ]
    }
}