{
    "model": {
        "type": "range_dispatch",
        "property": "custom_model_data",
        "fallback": {
            "type": "model",
            "model": "block/black_stained_glass"
        },
        "entries": [
            {
                "threshold": 29,
                "model": {
                    "type": "model",
                    "model": "item/552/body"
                }
            },
            {
                "threshold": 30,
                "model": {
                    "type": "model",
                    "model": "item/552/head"
                }
            }
        ]
    }
}