{
    "model": {
        "type": "range_dispatch",
        "property": "custom_model_data",
        "fallback": {
            "type": "model",
            "model": "item/black_candle"
        },
        "entries": [
            {
                "threshold": 1,
                "model": {
                    "type": "model",
                    "model": "item/use/radio_on"
                }
            },
            {
                "threshold": 2,
                "model": {
                    "type": "model",
                    "model": "item/use/radio_off"
                }
            },
            {
                "threshold": 3,
                "model": {
                    "type": "model",
                    "model": "item/use/jammer"
                }
            },
            {
                "threshold": 10,
                "model": {
                    "type": "model",
                    "model": "item/black_candle"
                }
            }
        ]
    }
}