{
    "model": {
        "type": "range_dispatch",
        "property": "custom_model_data",
        "fallback": {
            "type": "model",
            "model": "item/bone"
        },
        "entries": [
            {
                "threshold": 1,
                "model": {
                    "type": "model",
                    "model": "item/entities/fearmongerer/bonespear"
                }
            },
            {
                "threshold": 2,
                "model": {
                    "type": "model",
                    "model": "item/use/dagger"
                }
            },
            {
                "threshold": 3,
                "model": {
                    "type": "model",
                    "model": "item/use/dagger_use"
                }
            },
            {
                "threshold": 10,
                "model": {
                    "type": "model",
                    "model": "item/bone"
                }
            }
        ]
    }
}