{
    "model": {
        "type": "range_dispatch",
        "property": "custom_model_data",
        "fallback": {
            "type": "model",
            "model": "item/brown_dye"
        },
        "entries": [
            {
                "threshold": 1,
                "model": {
                    "type": "model",
                    "model": "item/entities/cardguy/card_grayscale"
                }
            },
            {
                "threshold": 2,
                "model": {
                    "type": "model",
                    "model": "item/entities/hex/ward"
                }
            },
            {
                "threshold": 3,
                "model": {
                    "type": "model",
                    "model": "item/entities/hex/tome"
                }
            },
            {
                "threshold": 4,
                "model": {
                    "type": "model",
                    "model": "item/entities/hex/tome_use"
                }
            },
            {
                "threshold": 10,
                "model": {
                    "type": "model",
                    "model": "item/brown_dye"
                }
            }
        ]
    }
}