{
    "model": {
        "type": "range_dispatch",
        "property": "custom_model_data",
        "fallback": {
            "type": "model",
            "model": "item/brown_candle"
        },
        "entries": [
            {
                "threshold": 1,
                "model": {
                    "type": "model",
                    "model": "item/use/camera"
                }
            },
            {
                "threshold": 2,
                "model": {
                    "type": "model",
                    "model": "item/use/camera_use"
                }
            },
            {
                "threshold": 3,
                "model": {
                    "type": "model",
                    "model": "item/use/camera_use2"
                }
            },
            {
                "threshold": 4,
                "model": {
                    "type": "model",
                    "model": "item/use/ankh"
                }
            },
            {
                "threshold": 100,
                "model": {
                    "type": "model",
                    "model": "item/brown_candle"
                }
            }
        ]
    }
}