{
    "model": {
        "type": "range_dispatch",
        "property": "custom_model_data",
        "fallback": {
            "type": "model",
            "model": "item/campfire"
        },
        "entries": [
            {
                "threshold": 1,
                "model": {
                    "type": "model",
                    "model": "item/entities/inferno/hand"
                }
            },
            {
                "threshold": 2,
                "model": {
                    "type": "model",
                    "model": "item/entities/inferno/candle"
                }
            },
            {
                "threshold": 3,
                "model": {
                    "type": "model",
                    "model": "item/entities/inferno/lit_candle"
                }
            },
            {
                "threshold": 4,
                "model": {
                    "type": "model",
                    "model": "item/entities/inferno/hurt"
                }
            },
            {
                "threshold": 10,
                "model": {
                    "type": "model",
                    "model": "item/campfire"
                }
            }
        ]
    }
}