{
    "model": {
        "type": "range_dispatch",
        "property": "custom_model_data",
        "fallback": {
            "type": "model",
            "model": "item/candle"
        },
        "entries": [
            {
                "threshold": 1,
                "model": {
                    "type": "model",
                    "model": "item/gui/default_inv"
                }
            },
            {
                "threshold": 2,
                "model": {
                    "type": "model",
                    "model": "item/gui/human_inv"
                }
            },
            {
                "threshold": 3,
                "model": {
                    "type": "model",
                    "model": "item/gui/aurora_icon"
                }
            },
            {
                "threshold": 4,
                "model": {
                    "type": "model",
                    "model": "item/gui/entity_icon"
                }
            },
            {
                "threshold": 5,
                "model": {
                    "type": "model",
                    "model": "item/gui/mtf_icon"
                }
            },
            {
                "threshold": 6,
                "model": {
                    "type": "model",
                    "model": "item/gui/buster_icon"
                }
            },
            {
                "threshold": 7,
                "model": {
                    "type": "model",
                    "model": "item/gui/subject_icon"
                }
            },
            {
                "threshold": 8,
                "model": {
                    "type": "model",
                    "model": "item/gui/guard_icon"
                }
            },
            {
                "threshold": 9,
                "model": {
                    "type": "model",
                    "model": "item/gui/guy_icon"
                }
            },
            {
                "threshold": 10,
                "model": {
                    "type": "model",
                    "model": "item/gui/gal_icon"
                }
            },
            {
                "threshold": 11,
                "model": {
                    "type": "model",
                    "model": "item/gui/researcher_icon"
                }
            },
            {
                "threshold": 15,
                "model": {
                    "type": "model",
                    "model": "item/candle"
                }
            }
        ]
    }
}