{
    "model": {
        "type": "range_dispatch",
        "property": "custom_model_data",
        "fallback": {
            "type": "model",
            "model": "item/cauldron"
        },
        "entries": [
            {
                "threshold": 1,
                "model": {
                    "type": "model",
                    "model": "item/rooms/microwave"
                }
            },
            {
                "threshold": 2,
                "model": {
                    "type": "model",
                    "model": "item/rooms/microwave2"
                }
            },
            {
                "threshold": 3,
                "model": {
                    "type": "model",
                    "model": "item/use/present_open"
                }
            },
            {
                "threshold": 4,
                "model": {
                    "type": "model",
                    "model": "item/use/present_closed"
                }
            },
            {
                "threshold": 5,
                "model": {
                    "type": "model",
                    "model": "item/other/boombox"
                }
            },
            {
                "threshold": 6,
                "model": {
                    "type": "model",
                    "model": "item/rooms/intercom/ready"
                }
            },
            {
                "threshold": 7,
                "model": {
                    "type": "model",
                    "model": "item/rooms/intercom/using"
                }
            },
            {
                "threshold": 8,
                "model": {
                    "type": "model",
                    "model": "item/rooms/intercom/cooldown"
                }
            },
            {
                "threshold": 9,
                "model": {
                    "type": "model",
                    "model": "item/rooms/489"
                }
            },
            {
                "threshold": 10,
                "model": {
                    "type": "model",
                    "model": "item/rooms/smokealarm"
                }
            }
        ]
    }
}