{
    "model": {
        "type": "minecraft:select",
        "property": "minecraft:charge_type",
        "fallback": {
            "type": "minecraft:condition",
            "property": "minecraft:using_item",
            "on_false": {
                "type": "minecraft:model",
                "model": "minecraft:item/crossbow"
            },
            "on_true": {
                "type": "minecraft:range_dispatch",
                "property": "minecraft:crossbow/pull",
                "fallback": {
                    "type": "minecraft:model",
                    "model": "minecraft:item/crossbow_pulling_0"
                },
                "entries": [
                    {
                        "threshold": 0.58,
                        "model": {
                            "type": "minecraft:model",
                            "model": "minecraft:item/crossbow_pulling_1"
                        }
                    },
                    {
                        "threshold": 1.0,
                        "model": {
                            "type": "minecraft:model",
                            "model": "minecraft:item/crossbow_pulling_2"
                        }
                    }
                ]
            }
        },
        "cases": [
            {
                "when": "arrow",
                "model": {
                    "type": "range_dispatch",
                    "property": "custom_model_data",
                    "fallback": {
                        "type": "minecraft:model",
                        "model": "minecraft:item/crossbow_arrow"
                    },
                    "entries": [
                        {
                            "threshold": 1,
                            "model": {
                                "type": "model",
                                "model": "item/none"
                            }
                        }
                    ]
                }
            },
            {
                "when": "rocket",
                "model": {
                    "type": "range_dispatch",
                    "property": "custom_model_data",
                    "fallback": {
                        "type": "minecraft:model",
                        "model": "minecraft:item/crossbow_firework"
                    },
                    "entries": [
                        {
                            "threshold": 1,
                            "model": {
                                "type": "model",
                                "model": "item/none"
                            }
                        }
                    ]
                }
            }
        ]
    }
}