{
    "model": {
        "type": "range_dispatch",
        "property": "custom_model_data",
        "fallback": {
            "type": "model",
            "model": "item/ender_eye"
        },
        "entries": [
            {
                "threshold": 1,
                "model": {
                    "type": "model",
                    "model": "item/use/medkit"
                }
            },
            {
                "threshold": 2,
                "model": {
                    "type": "model",
                    "model": "item/use/medkit_used"
                }
            },
            {
                "threshold": 7,
                "model": {
                    "type": "model",
                    "model": "item/use/stim"
                }
            },
            {
                "threshold": 8,
                "model": {
                    "type": "model",
                    "model": "item/use/stim_use"
                }
            },
            {
                "threshold": 9,
                "model": {
                    "type": "model",
                    "model": "item/use/soda"
                }
            },
            {
                "threshold": 10,
                "model": {
                    "type": "model",
                    "model": "item/use/soda_use"
                }
            },
            {
                "threshold": 11,
                "model": {
                    "type": "model",
                    "model": "item/gear/megalodon/idle"
                }
            },
            {
                "threshold": 12,
                "model": {
                    "type": "model",
                    "model": "item/gear/megalodon/charging"
                }
            },
            {
                "threshold": 13,
                "model": {
                    "type": "model",
                    "model": "item/gear/megalodon/shooting1"
                }
            },
            {
                "threshold": 14,
                "model": {
                    "type": "model",
                    "model": "item/gear/megalodon/shooting2"
                }
            },
            {
                "threshold": 15,
                "model": {
                    "type": "model",
                    "model": "item/gear/megalodon/shooting3"
                }
            },
            {
                "threshold": 16,
                "model": {
                    "type": "model",
                    "model": "item/gear/megalodon/shooting4"
                }
            },
            {
                "threshold": 17,
                "model": {
                    "type": "model",
                    "model": "item/use/boxing_glove"
                }
            },
            {
                "threshold": 18,
                "model": {
                    "type": "model",
                    "model": "item/use/boxing_glove_use"
                }
            },
            {
                "threshold": 23,
                "model": {
                    "type": "model",
                    "model": "item/use/pudding"
                }
            },
            {
                "threshold": 24,
                "model": {
                    "type": "model",
                    "model": "item/use/pudding_use"
                }
            },
            {
                "threshold": 25,
                "model": {
                    "type": "model",
                    "model": "item/use/boxing_glove_use2"
                }
            },
            {
                "threshold": 26,
                "model": {
                    "type": "model",
                    "model": "item/use/pills"
                }
            },
            {
                "threshold": 27,
                "model": {
                    "type": "model",
                    "model": "item/use/pills_use"
                }
            },
            {
                "threshold": 28,
                "model": {
                    "type": "model",
                    "model": "item/entities/a244/dash"
                }
            },
            {
                "threshold": 60,
                "model": {
                    "type": "model",
                    "model": "item/ender_eye"
                }
            }
        ]
    }
}