{
    "model": {
        "type": "range_dispatch",
        "property": "custom_model_data",
        "fallback": {
            "type": "model",
            "model": "item/glass_bottle"
        },
        "entries": [
            {
                "threshold": 1,
                "model": {
                    "type": "model",
                    "model": "item/junk/beaker"
                }
            },
            {
                "threshold": 2,
                "model": {
                    "type": "model",
                    "model": "item/junk/stress_ball"
                }
            },
            {
                "threshold": 3,
                "model": {
                    "type": "model",
                    "model": "item/junk/safety_goggles"
                }
            },
            {
                "threshold": 4,
                "model": {
                    "type": "model",
                    "model": "item/junk/watering_can"
                }
            },
            {
                "threshold": 5,
                "model": {
                    "type": "model",
                    "model": "item/junk/spray_bottle"
                }
            },
            {
                "threshold": 6,
                "model": {
                    "type": "model",
                    "model": "item/junk/clipboard"
                }
            },
            {
                "threshold": 7,
                "model": {
                    "type": "model",
                    "model": "item/junk/clipboard_without"
                }
            },
            {
                "threshold": 9,
                "model": {
                    "type": "model",
                    "model": "item/junk/trash"
                }
            },
            {
                "threshold": 10,
                "model": {
                    "type": "model",
                    "model": "item/junk/lens"
                }
            },
            {
                "threshold": 11,
                "model": {
                    "type": "model",
                    "model": "item/entities/inferno/hand"
                }
            },
            {
                "threshold": 12,
                "model": {
                    "type": "model",
                    "model": "item/junk/soap"
                }
            },
            {
                "threshold": 13,
                "model": {
                    "type": "model",
                    "model": "item/junk/duck"
                }
            },
            {
                "threshold": 14,
                "model": {
                    "type": "model",
                    "model": "item/junk/coin"
                }
            },
            {
                "threshold": 15,
                "model": {
                    "type": "model",
                    "model": "item/junk/credit_card"
                }
            },
            {
                "threshold": 20,
                "model": {
                    "type": "model",
                    "model": "item/glass_bottle"
                }
            }
        ]
    }
}