{
    "model": {
        "type": "range_dispatch",
        "property": "custom_model_data",
        "fallback": {
            "type": "model",
            "model": "item/golden_horse_armor"
        },
        "entries": [
            {
                "threshold": 1,
                "model": {
                    "type": "model",
                    "model": "item/gear/flamethrower/flamethrower"
                }
            },
            {
                "threshold": 2,
                "model": {
                    "type": "model",
                    "model": "item/gear/flamethrower/flamethrower_empty"
                }
            },
            {
                "threshold": 3,
                "model": {
                    "type": "model",
                    "model": "item/gear/flamethrower/tank"
                }
            },
            {
                "threshold": 10,
                "model": {
                    "type": "model",
                    "model": "item/golden_horse_armor"
                }
            }
        ]
    }
}