{
    "model": {
        "type": "range_dispatch",
        "property": "custom_model_data",
        "fallback": {
            "type": "model",
            "model": "item/iron_horse_armor"
        },
        "entries": [
            {
                "threshold": 1,
                "model": {
                    "type": "model",
                    "model": "item/gear/rifle/default"
                }
            },
            {
                "threshold": 2,
                "model": {
                    "type": "model",
                    "model": "item/gear/rifle/reloading"
                }
            },
            {
                "threshold": 3,
                "model": {
                    "type": "model",
                    "model": "item/gear/rifle/running"
                }
            },
            {
                "threshold": 4,
                "model": {
                    "type": "model",
                    "model": "item/gear/rifle/ads"
                }
            },
            {
                "threshold": 5,
                "model": {
                    "type": "model",
                    "model": "item/gear/rifle/shooting"
                }
            },
            {
                "threshold": 6,
                "model": {
                    "type": "model",
                    "model": "item/gear/rifle/ads_shooting"
                }
            },
            {
                "threshold": 20,
                "model": {
                    "type": "model",
                    "model": "item/gear/shotgun/default"
                }
            },
            {
                "threshold": 21,
                "model": {
                    "type": "model",
                    "model": "item/gear/shotgun/reloading"
                }
            },
            {
                "threshold": 22,
                "model": {
                    "type": "model",
                    "model": "item/gear/shotgun/running"
                }
            },
            {
                "threshold": 23,
                "model": {
                    "type": "model",
                    "model": "item/gear/shotgun/ads"
                }
            },
            {
                "threshold": 24,
                "model": {
                    "type": "model",
                    "model": "item/gear/shotgun/shooting"
                }
            },
            {
                "threshold": 25,
                "model": {
                    "type": "model",
                    "model": "item/gear/shotgun/ads_shooting"
                }
            },
            {
                "threshold": 40,
                "model": {
                    "type": "model",
                    "model": "item/gear/pistol/default"
                }
            },
            {
                "threshold": 41,
                "model": {
                    "type": "model",
                    "model": "item/gear/pistol/reloading"
                }
            },
            {
                "threshold": 42,
                "model": {
                    "type": "model",
                    "model": "item/gear/pistol/running"
                }
            },
            {
                "threshold": 43,
                "model": {
                    "type": "model",
                    "model": "item/gear/pistol/ads"
                }
            },
            {
                "threshold": 44,
                "model": {
                    "type": "model",
                    "model": "item/gear/pistol/shooting"
                }
            },
            {
                "threshold": 45,
                "model": {
                    "type": "model",
                    "model": "item/gear/pistol/ads_shooting"
                }
            },
            {
                "threshold": 60,
                "model": {
                    "type": "model",
                    "model": "item/gear/sniper/default"
                }
            },
            {
                "threshold": 61,
                "model": {
                    "type": "model",
                    "model": "item/gear/sniper/reloading"
                }
            },
            {
                "threshold": 62,
                "model": {
                    "type": "model",
                    "model": "item/gear/sniper/running"
                }
            },
            {
                "threshold": 63,
                "model": {
                    "type": "model",
                    "model": "item/gear/sniper/ads"
                }
            },
            {
                "threshold": 64,
                "model": {
                    "type": "model",
                    "model": "item/gear/sniper/shooting"
                }
            },
            {
                "threshold": 65,
                "model": {
                    "type": "model",
                    "model": "item/gear/sniper/ads_shooting"
                }
            },
            {
                "threshold": 80,
                "model": {
                    "type": "model",
                    "model": "item/gear/smg/default"
                }
            },
            {
                "threshold": 81,
                "model": {
                    "type": "model",
                    "model": "item/gear/smg/reloading"
                }
            },
            {
                "threshold": 82,
                "model": {
                    "type": "model",
                    "model": "item/gear/smg/running"
                }
            },
            {
                "threshold": 83,
                "model": {
                    "type": "model",
                    "model": "item/gear/smg/ads"
                }
            },
            {
                "threshold": 84,
                "model": {
                    "type": "model",
                    "model": "item/gear/smg/shooting"
                }
            },
            {
                "threshold": 85,
                "model": {
                    "type": "model",
                    "model": "item/gear/smg/ads_shooting"
                }
            },
            {
                "threshold": 100,
                "model": {
                    "type": "model",
                    "model": "item/gear/lmg/default"
                }
            },
            {
                "threshold": 101,
                "model": {
                    "type": "model",
                    "model": "item/gear/lmg/reloading"
                }
            },
            {
                "threshold": 102,
                "model": {
                    "type": "model",
                    "model": "item/gear/lmg/running"
                }
            },
            {
                "threshold": 103,
                "model": {
                    "type": "model",
                    "model": "item/gear/lmg/ads"
                }
            },
            {
                "threshold": 104,
                "model": {
                    "type": "model",
                    "model": "item/gear/lmg/shooting"
                }
            },
            {
                "threshold": 105,
                "model": {
                    "type": "model",
                    "model": "item/gear/lmg/ads_shooting"
                }
            },
            {
                "threshold": 120,
                "model": {
                    "type": "model",
                    "model": "item/gear/eagle/default"
                }
            },
            {
                "threshold": 121,
                "model": {
                    "type": "model",
                    "model": "item/gear/eagle/reloading"
                }
            },
            {
                "threshold": 122,
                "model": {
                    "type": "model",
                    "model": "item/gear/eagle/running"
                }
            },
            {
                "threshold": 123,
                "model": {
                    "type": "model",
                    "model": "item/gear/eagle/ads"
                }
            },
            {
                "threshold": 124,
                "model": {
                    "type": "model",
                    "model": "item/gear/eagle/shooting"
                }
            },
            {
                "threshold": 125,
                "model": {
                    "type": "model",
                    "model": "item/gear/eagle/ads_shooting"
                }
            },
            {
                "threshold": 140,
                "model": {
                    "type": "model",
                    "model": "item/gear/ak/default"
                }
            },
            {
                "threshold": 141,
                "model": {
                    "type": "model",
                    "model": "item/gear/ak/reloading"
                }
            },
            {
                "threshold": 142,
                "model": {
                    "type": "model",
                    "model": "item/gear/ak/running"
                }
            },
            {
                "threshold": 143,
                "model": {
                    "type": "model",
                    "model": "item/gear/ak/ads"
                }
            },
            {
                "threshold": 144,
                "model": {
                    "type": "model",
                    "model": "item/gear/ak/shooting"
                }
            },
            {
                "threshold": 145,
                "model": {
                    "type": "model",
                    "model": "item/gear/ak/ads_shooting"
                }
            },
            {
                "threshold": 160,
                "model": {
                    "type": "model",
                    "model": "item/gear/hunter/default"
                }
            },
            {
                "threshold": 161,
                "model": {
                    "type": "model",
                    "model": "item/gear/hunter/reloading"
                }
            },
            {
                "threshold": 162,
                "model": {
                    "type": "model",
                    "model": "item/gear/hunter/running"
                }
            },
            {
                "threshold": 163,
                "model": {
                    "type": "model",
                    "model": "item/gear/hunter/ads"
                }
            },{
                "threshold": 164,
                "model": {
                    "type": "model",
                    "model": "item/gear/hunter/shooting"
                }
            },
            {
                "threshold": 165,
                "model": {
                    "type": "model",
                    "model": "item/gear/hunter/ads_shooting"
                }
            },
            {
                "threshold": 180,
                "model": {
                    "type": "model",
                    "model": "item/gear/pump/default"
                }
            },
            {
                "threshold": 181,
                "model": {
                    "type": "model",
                    "model": "item/gear/pump/reloading"
                }
            },
            {
                "threshold": 182,
                "model": {
                    "type": "model",
                    "model": "item/gear/pump/running"
                }
            },{
                "threshold": 183,
                "model": {
                    "type": "model",
                    "model": "item/gear/pump/ads"
                }
            },
            {
                "threshold": 184,
                "model": {
                    "type": "model",
                    "model": "item/gear/pump/shooting"
                }
            },
            {
                "threshold": 185,
                "model": {
                    "type": "model",
                    "model": "item/gear/pump/ads_shooting"
                }
            },
            {
                "threshold": 200,
                "model": {
                    "type": "model",
                    "model": "item/gear/aug/default"
                }
            },
            {
                "threshold": 201,
                "model": {
                    "type": "model",
                    "model": "item/gear/aug/reloading"
                }
            },{
                "threshold": 202,
                "model": {
                    "type": "model",
                    "model": "item/gear/aug/running"
                }
            },
            {
                "threshold": 203,
                "model": {
                    "type": "model",
                    "model": "item/gear/aug/ads"
                }
            },
            {
                "threshold": 204,
                "model": {
                    "type": "model",
                    "model": "item/gear/aug/shooting"
                }
            },
            {
                "threshold": 205,
                "model": {
                    "type": "model",
                    "model": "item/gear/aug/ads_shooting"
                }
            },
            {
                "threshold": 220,
                "model": {
                    "type": "model",
                    "model": "item/gear/party/default"
                }
            },{
                "threshold": 221,
                "model": {
                    "type": "model",
                    "model": "item/gear/party/reloading"
                }
            },
            {
                "threshold": 222,
                "model": {
                    "type": "model",
                    "model": "item/gear/party/running"
                }
            },
            {
                "threshold": 223,
                "model": {
                    "type": "model",
                    "model": "item/gear/party/ads"
                }
            },
            {
                "threshold": 224,
                "model": {
                    "type": "model",
                    "model": "item/gear/party/shooting"
                }
            },
            {
                "threshold": 225,
                "model": {
                    "type": "model",
                    "model": "item/gear/party/ads_shooting"
                }
            },
            {
                "threshold": 240,
                "model": {
                    "type": "model",
                    "model": "item/gear/sitek/default"
                }
            },
            {
                "threshold": 241,
                "model": {
                    "type": "model",
                    "model": "item/gear/sitek/reloading"
                }
            },
            {
                "threshold": 242,
                "model": {
                    "type": "model",
                    "model": "item/gear/sitek/running"
                }
            },
            {
                "threshold": 243,
                "model": {
                    "type": "model",
                    "model": "item/gear/sitek/ads"
                }
            },
            {
                "threshold": 244,
                "model": {
                    "type": "model",
                    "model": "item/gear/sitek/shooting"
                }
            },
            {
                "threshold": 245,
                "model": {
                    "type": "model",
                    "model": "item/gear/sitek/ads_shooting"
                }
            },
            {
                "threshold": 260,
                "model": {
                    "type": "model",
                    "model": "item/gear/revolver/default"
                }
            },
            {
                "threshold": 261,
                "model": {
                    "type": "model",
                    "model": "item/gear/revolver/reloading"
                }
            },
            {
                "threshold": 262,
                "model": {
                    "type": "model",
                    "model": "item/gear/revolver/running"
                }
            },
            {
                "threshold": 263,
                "model": {
                    "type": "model",
                    "model": "item/gear/revolver/ads"
                }
            },
            {
                "threshold": 264,
                "model": {
                    "type": "model",
                    "model": "item/gear/revolver/shooting"
                }
            },
            {
                "threshold": 265,
                "model": {
                    "type": "model",
                    "model": "item/gear/revolver/ads_shooting"
                }
            },
            {
                "threshold": 280,
                "model": {
                    "type": "model",
                    "model": "item/gear/dmr/default"
                }
            },
            {
                "threshold": 281,
                "model": {
                    "type": "model",
                    "model": "item/gear/dmr/reloading"
                }
            },
            {
                "threshold": 282,
                "model": {
                    "type": "model",
                    "model": "item/gear/dmr/running"
                }
            },
            {
                "threshold": 283,
                "model": {
                    "type": "model",
                    "model": "item/gear/dmr/ads"
                }
            },
            {
                "threshold": 284,
                "model": {
                    "type": "model",
                    "model": "item/gear/dmr/shooting"
                }
            },
            {
                "threshold": 285,
                "model": {
                    "type": "model",
                    "model": "item/gear/dmr/ads_shooting"
                }
            },
            {
                "threshold": 300,
                "model": {
                    "type": "model",
                    "model": "item/iron_horse_armor"
                }
            }
        ]
    }
}