{
    "model": {
        "type": "range_dispatch",
        "property": "custom_model_data",
        "fallback": {
            "type": "model",
            "model": "item/iron_hoe"
        },
        "entries": [
            {
                "threshold": 1,
                "model": {
                    "type": "model",
                    "model": "item/entities/fearmongerer/bonescythe"
                }
            },
            {
                "threshold": 2,
                "model": {
                    "type": "model",
                    "model": "item/entities/cardguy/scepter"
                }
            },
            {
                "threshold": 3,
                "model": {
                    "type": "model",
                    "model": "item/entities/beast/beast_talon"
                }
            },
            {
                "threshold": 10,
                "model": {
                    "type": "model",
                    "model": "item/iron_hoe"
                }
            }
        ]
    }
}