{
    "model": {
        "type": "range_dispatch",
        "property": "custom_model_data",
        "fallback": {
            "type": "model",
            "model": "item/iron_door"
        },
        "entries": [
            {
                "threshold": 5001,
                "model": {
                    "type": "model",
                    "model": "item/rooms/ldoor_closed"
                }
            },
            {
                "threshold": 5002,
                "model": {
                    "type": "model",
                    "model": "item/rooms/ldoor_open1"
                }
            },
            {
                "threshold": 5003,
                "model": {
                    "type": "model",
                    "model": "item/rooms/ldoor_open2"
                }
            },
            {
                "threshold": 5004,
                "model": {
                    "type": "model",
                    "model": "item/rooms/elevator"
                }
            }
        ]
    }
}