{
    "model": {
        "type": "range_dispatch",
        "property": "custom_model_data",
        "fallback": {
            "type": "model",
            "model": "item/light_gray_candle"
        },
        "entries": [
            {
                "threshold": 1,
                "model": {
                    "type": "model",
                    "model": "item/other/scarf"
                }
            },
            {
                "threshold": 2,
                "model": {
                    "type": "model",
                    "model": "item/use/magglass"
                }
            },
            {
                "threshold": 3,
                "model": {
                    "type": "model",
                    "model": "item/other/hourglass"
                }
            },
            {
                "threshold": 5,
                "model": {
                    "type": "model",
                    "model": "item/other/key"
                }
            },
            {
                "threshold": 6,
                "model": {
                    "type": "model",
                    "model": "item/use/quill"
                }
            },
            {
                "threshold": 9,
                "model": {
                    "type": "model",
                    "model": "item/use/c4"
                }
            },
            {
                "threshold": 10,
                "model": {
                    "type": "model",
                    "model": "item/use/c4_controller"
                }
            },
            {
                "threshold": 11,
                "model": {
                    "type": "model",
                    "model": "item/other/devil_deal"
                }
            },
            {
                "threshold": 20,
                "model": {
                    "type": "model",
                    "model": "item/light_gray_candle"
                }
            }
        ]
    }
}