{
    "model": {
        "type": "range_dispatch",
        "property": "custom_model_data",
        "fallback": {
            "type": "model",
            "model": "item/light_blue_candle"
        },
        "entries": [
            {
                "threshold": 1,
                "model": {
                    "type": "model",
                    "model": "item/animated_java_empty"
                }
            },
            {
                "threshold": 2,
                "model": {
                    "type": "model",
                    "model": "animated_java:item/wumpus/leg_right"
                }
            },
            {
                "threshold": 3,
                "model": {
                    "type": "model",
                    "model": "animated_java:item/wumpus/leg_left"
                }
            },
            {
                "threshold": 4,
                "model": {
                    "type": "model",
                    "model": "animated_java:item/wumpus/arm_right"
                }
            },
            {
                "threshold": 5,
                "model": {
                    "type": "model",
                    "model": "animated_java:item/wumpus/arm_left"
                }
            },
            {
                "threshold": 6,
                "model": {
                    "type": "model",
                    "model": "animated_java:item/wumpus/body"
                }
            },
            {
                "threshold": 7,
                "model": {
                    "type": "model",
                    "model": "animated_java:item/wumpus/leaf"
                }
            },
            {
                "threshold": 8,
                "model": {
                    "type": "model",
                    "model": "animated_java:item/wumpus/head"
                }
            }
        ]
    }
}