{
    "model": {
        "type": "range_dispatch",
        "property": "custom_model_data",
        "fallback": {
            "type": "model",
            "model": "item/light_blue_dye"
        },
        "entries": [
            {
                "threshold": 1,
                "model": {
                    "type": "model",
                    "model": "item/entities/a244/spit"
                }
            },
            {
                "threshold": 2,
                "model": {
                    "type": "model",
                    "model": "item/entities/a244/eye"
                }
            },
            {
                "threshold": 3,
                "model": {
                    "type": "model",
                    "model": "item/entities/a244/eye_sneak"
                }
            },
            {
                "threshold": 10,
                "model": {
                    "type": "model",
                    "model": "item/light_blue_dye"
                }
            }
        ]
    }
}