{
    "model": {
        "type": "range_dispatch",
        "property": "custom_model_data",
        "fallback": {
            "type": "model",
            "model": "minecraft:block/light_blue_carpet"
        },
        "entries": [
            {
                "threshold": 1,
                "model": {
                    "type": "model",
                    "model": "item/rooms/blueprint"
                }
            },
            {
                "threshold": 2,
                "model": {
                    "type": "model",
                    "model": "item/other/medpatch"
                }
            },
            {
                "threshold": 3,
                "model": {
                    "type": "model",
                    "model": "item/other/pentagram"
                }
            },
            {
                "threshold": 10,
                "model": {
                    "type": "model",
                    "model": "minecraft:block/light_blue_carpet"
                }
            }
        ]
    }
}