{
    "model": {
        "type": "range_dispatch",
        "property": "custom_model_data",
        "fallback": {
            "type": "model",
            "model": "item/lime_candle"
        },
        "entries": [
            {
                "threshold": 1,
                "model": {
                    "type": "model",
                    "model": "item/use/grenade"
                }
            },
            {
                "threshold": 2,
                "model": {
                    "type": "model",
                    "model": "item/use/grenade_pulled"
                }
            },
            {
                "threshold": 3,
                "model": {
                    "type": "model",
                    "model": "item/use/flashbang"
                }
            },
            {
                "threshold": 4,
                "model": {
                    "type": "model",
                    "model": "item/use/flashbang_pulled"
                }
            },
            {
                "threshold": 5,
                "model": {
                    "type": "model",
                    "model": "item/use/decoy"
                }
            },
            {
                "threshold": 6,
                "model": {
                    "type": "model",
                    "model": "item/use/decoy_pulled"
                }
            },
            {
                "threshold": 7,
                "model": {
                    "type": "model",
                    "model": "item/use/fire"
                }
            },
            {
                "threshold": 8,
                "model": {
                    "type": "model",
                    "model": "item/use/fire_pulled"
                }
            },
            {
                "threshold": 9,
                "model": {
                    "type": "model",
                    "model": "item/use/smoke"
                }
            },
            {
                "threshold": 10,
                "model": {
                    "type": "model",
                    "model": "item/use/smoke_pulled"
                }
            },
            {
                "threshold": 11,
                "model": {
                    "type": "model",
                    "model": "item/use/disrupt"
                }
            },
            {
                "threshold": 12,
                "model": {
                    "type": "model",
                    "model": "item/use/disrupt_pulled"
                }
            },
            {
                "threshold": 13,
                "model": {
                    "type": "model",
                    "model": "item/use/kinetic"
                }
            },
            {
                "threshold": 14,
                "model": {
                    "type": "model",
                    "model": "item/use/kinetic_pulled"
                }
            },
            {
                "threshold": 60,
                "model": {
                    "type": "model",
                    "model": "item/lime_candle"
                }
            }
        ]
    }
}