{
    "model": {
        "type": "range_dispatch",
        "property": "custom_model_data",
        "fallback": {
            "type": "model",
            "model": "item/music_disc_13"
        },
        "entries": [
            {
                "threshold": 1,
                "model": {
                    "type": "model",
                    "model": "item/keycards/l1"
                }
            },
            {
                "threshold": 2,
                "model": {
                    "type": "model",
                    "model": "item/keycards/l2"
                }
            },
            {
                "threshold": 3,
                "model": {
                    "type": "model",
                    "model": "item/keycards/l3"
                }
            },
            {
                "threshold": 4,
                "model": {
                    "type": "model",
                    "model": "item/keycards/l4"
                }
            },
            {
                "threshold": 5,
                "model": {
                    "type": "model",
                    "model": "item/keycards/l5"
                }
            },
            {
                "threshold": 6,
                "model": {
                    "type": "model",
                    "model": "item/keycards/aurora"
                }
            },
            {
                "threshold": 7,
                "model": {
                    "type": "model",
                    "model": "item/keycards/blank"
                }
            },
            {
                "threshold": 8,
                "model": {
                    "type": "model",
                    "model": "item/keycards/l100"
                }
            },
            {
                "threshold": 10,
                "model": {
                    "type": "model",
                    "model": "item/music_disc_13"
                }
            }
        ]
    }
}