{
    "model": {
        "type": "range_dispatch",
        "property": "custom_model_data",
        "fallback": {
            "type": "model",
            "model": "item/orange_candle"
        },
        "entries": [
            {
                "threshold": 1,
                "model": {
                    "type": "model",
                    "model": "item/animated_java_empty"
                }
            },
            {
                "threshold": 2,
                "model": {
                    "type": "model",
                    "model": "animated_java:item/aurora_truck/body"
                }
            },
            {
                "threshold": 3,
                "model": {
                    "type": "model",
                    "model": "animated_java:item/aurora_truck/axle"
                }
            },
            {
                "threshold": 4,
                "model": {
                    "type": "model",
                    "model": "animated_java:item/aurora_truck/axle2"
                }
            },
            {
                "threshold": 5,
                "model": {
                    "type": "model",
                    "model": "animated_java:item/foundation_chinook/bone6"
                }
            },
            {
                "threshold": 6,
                "model": {
                    "type": "model",
                    "model": "animated_java:item/foundation_chinook/bone5"
                }
            },
            {
                "threshold": 7,
                "model": {
                    "type": "model",
                    "model": "animated_java:item/foundation_chinook/bone4"
                }
            },
            {
                "threshold": 8,
                "model": {
                    "type": "model",
                    "model": "animated_java:item/foundation_chinook/axle2"
                }
            },
            {
                "threshold": 9,
                "model": {
                    "type": "model",
                    "model": "animated_java:item/foundation_chinook/bone"
                }
            },
            {
                "threshold": 10,
                "model": {
                    "type": "model",
                    "model": "animated_java:item/foundation_chinook/bone2"
                }
            },
            {
                "threshold": 11,
                "model": {
                    "type": "model",
                    "model": "animated_java:item/foundation_chinook/bone3"
                }
            },
            {
                "threshold": 12,
                "model": {
                    "type": "model",
                    "model": "animated_java:item/foundation_chinook/axle"
                }
            },
            {
                "threshold": 13,
                "model": {
                    "type": "model",
                    "model": "animated_java:item/foundation_chinook/root"
                }
            }
        ]
    }
}