{
    "model": {
        "type": "range_dispatch",
        "property": "custom_model_data",
        "fallback": {
            "type": "model",
            "model": "item/pink_dye"
        },
        "entries": [
            {
                "threshold": 10,
                "model": {
                    "type": "model",
                    "model": "item/gear/helicoprion/standby_0"
                }
            },
            {
                "threshold": 11,
                "model": {
                    "type": "model",
                    "model": "item/gear/helicoprion/standby_1"
                }
            },
            {
                "threshold": 12,
                "model": {
                    "type": "model",
                    "model": "item/gear/helicoprion/standby_2"
                }
            },
            {
                "threshold": 13,
                "model": {
                    "type": "model",
                    "model": "item/gear/helicoprion/standby_3"
                }
            },
            {
                "threshold": 14,
                "model": {
                    "type": "model",
                    "model": "item/gear/helicoprion/standby_4"
                }
            },
            {
                "threshold": 15,
                "model": {
                    "type": "model",
                    "model": "item/gear/helicoprion/standby_5"
                }
            },
            {
                "threshold": 20,
                "model": {
                    "type": "model",
                    "model": "item/gear/helicoprion/ready_0"
                }
            },
            {
                "threshold": 21,
                "model": {
                    "type": "model",
                    "model": "item/gear/helicoprion/ready_1"
                }
            },
            {
                "threshold": 22,
                "model": {
                    "type": "model",
                    "model": "item/gear/helicoprion/ready_2"
                }
            },
            {
                "threshold": 23,
                "model": {
                    "type": "model",
                    "model": "item/gear/helicoprion/ready_3"
                }
            },
            {
                "threshold": 24,
                "model": {
                    "type": "model",
                    "model": "item/gear/helicoprion/ready_4"
                }
            },
            {
                "threshold": 25,
                "model": {
                    "type": "model",
                    "model": "item/gear/helicoprion/ready_5"
                }
            },
            {
                "threshold": 30,
                "model": {
                    "type": "model",
                    "model": "item/gear/helicoprion/charging_0"
                }
            },
            {
                "threshold": 31,
                "model": {
                    "type": "model",
                    "model": "item/gear/helicoprion/charging_1"
                }
            },
            {
                "threshold": 32,
                "model": {
                    "type": "model",
                    "model": "item/gear/helicoprion/charging_2"
                }
            },
            {
                "threshold": 33,
                "model": {
                    "type": "model",
                    "model": "item/gear/helicoprion/charging_3"
                }
            },
            {
                "threshold": 34,
                "model": {
                    "type": "model",
                    "model": "item/gear/helicoprion/charging_4"
                }
            },
            {
                "threshold": 35,
                "model": {
                    "type": "model",
                    "model": "item/gear/helicoprion/charging_5"
                }
            },
            {
                "threshold": 40,
                "model": {
                    "type": "model",
                    "model": "item/gear/helicoprion/shooting_0"
                }
            },
            {
                "threshold": 41,
                "model": {
                    "type": "model",
                    "model": "item/gear/helicoprion/shooting_1"
                }
            },
            {
                "threshold": 42,
                "model": {
                    "type": "model",
                    "model": "item/gear/helicoprion/shooting_2"
                }
            },
            {
                "threshold": 43,
                "model": {
                    "type": "model",
                    "model": "item/gear/helicoprion/shooting_3"
                }
            },
            {
                "threshold": 44,
                "model": {
                    "type": "model",
                    "model": "item/gear/helicoprion/shooting_4"
                }
            },
            {
                "threshold": 45,
                "model": {
                    "type": "model",
                    "model": "item/gear/helicoprion/shooting_5"
                }
            },
            {
                "threshold": 200,
                "model": {
                    "type": "model",
                    "model": "item/pink_dye"
                }
            }
        ]
    }
}