{
    "model": {
        "type": "range_dispatch",
        "property": "custom_model_data",
        "fallback": {
            "type": "minecraft:special",
            "base": "minecraft:item/gui/guihead",
            "model": {
                "type": "minecraft:player_head"
            }
        },
        "entries": [
            {
                "threshold": 1,
                "model": {
                    "type": "minecraft:special",
                    "base": "item/gui/uphead",
                    "model": {
                        "type": "minecraft:player_head"
                    }
                }
            },
            {
                "threshold": 2,
                "model": {
                    "type": "minecraft:special",
                    "base": "item/gui/mini_head",
                    "model": {
                        "type": "minecraft:player_head"
                    }
                }
            },
            {
                "threshold": 100,
                "model": {
                    "type": "minecraft:special",
                    "base": "minecraft:item/template_skull",
                    "model": {
                        "type": "minecraft:player_head"
                    }
                }
            }
        ]
    }
}