{
    "model": {
        "type": "range_dispatch",
        "property": "custom_model_data",
        "fallback": {
            "type": "model",
            "model": "item/red_dye"
        },
        "entries": [
            {
                "threshold": 1,
                "model": {
                    "type": "model",
                    "model": "item/entities/cardguy/card_purple"
                }
            },
            {
                "threshold": 2,
                "model": {
                    "type": "model",
                    "model": "item/entities/beast/beast_slice"
                }
            },
            {
                "threshold": 3,
                "model": {
                    "type": "model",
                    "model": "item/entities/beast/beast_gouge"
                }
            },
            {
                "threshold": 10,
                "model": {
                    "type": "model",
                    "model": "item/red_dye"
                }
            }
        ]
    }
}