{
    "model": {
        "type": "range_dispatch",
        "property": "custom_model_data",
        "fallback": {
            "type": "model",
            "model": "item/red_candle"
        },
        "entries": [
            {
                "threshold": 1,
                "model": {
                    "type": "model",
                    "model": "item/entities/maw/maw_arm"
                }
            },
            {
                "threshold": 2,
                "model": {
                    "type": "model",
                    "model": "item/entities/maw/maw_jaw"
                }
            },
            {
                "threshold": 3,
                "model": {
                    "type": "model",
                    "model": "item/entities/mimic/hand_strike"
                }
            },
            {
                "threshold": 4,
                "model": {
                    "type": "model",
                    "model": "item/entities/mimic/hand_pouncing"
                }
            },
            {
                "threshold": 5,
                "model": {
                    "type": "model",
                    "model": "item/entities/hex/athame"
                }
            },
            {
                "threshold": 10,
                "model": {
                    "type": "model",
                    "model": "item/red_candle"
                }
            }
        ]
    }
}