{
    "model": {
        "type": "range_dispatch",
        "property": "custom_model_data",
        "fallback": {
            "type": "model",
            "model": "item/spectral_arrow"
        },
        "entries": [
            {
                "threshold": 1,
                "model": {
                    "type": "model",
                    "model": "item/other/hidden_hand"
                }
            },
            {
                "threshold": 10,
                "model": {
                    "type": "model",
                    "model": "item/spectral_arrow"
                }
            }
        ]
    }
}