{
    "model": {
        "type": "range_dispatch",
        "property": "custom_model_data",
        "fallback": {
            "type": "model",
            "model": "item/turtle_scute"
        },
        "entries": [
            {
                "threshold": 1,
                "model": {
                    "type": "model",
                    "model": "item/gear/ammoboxes/light"
                }
            },
            {
                "threshold": 2,
                "model": {
                    "type": "model",
                    "model": "item/gear/ammoboxes/medium"
                }
            },
            {
                "threshold": 3,
                "model": {
                    "type": "model",
                    "model": "item/gear/ammoboxes/heavy"
                }
            },
            {
                "threshold": 4,
                "model": {
                    "type": "model",
                    "model": "item/gear/ammoboxes/shotgun"
                }
            },
            {
                "threshold": 5,
                "model": {
                    "type": "model",
                    "model": "item/gear/ammoboxes/small"
                }
            },
            {
                "threshold": 6,
                "model": {
                    "type": "model",
                    "model": "item/gear/ammoboxes/munitions"
                }
            },
            {
                "threshold": 10,
                "model": {
                    "type": "model",
                    "model": "item/turtle_scute"
                }
            }
        ]
    }
}