{
    "model": {
        "type": "range_dispatch",
        "property": "custom_model_data",
        "fallback": {
            "type": "model",
            "model": "item/white_candle"
        },
        "entries": [
            {
                "threshold": 1,
                "model": {
                    "type": "model",
                    "model": "item/entities/sex/tendrils"
                }
            },
            {
                "threshold": 2,
                "model": {
                    "type": "model",
                    "model": "item/entities/sex/claw"
                }
            },
            {
                "threshold": 10,
                "model": {
                    "type": "model",
                    "model": "item/white_candle"
                }
            }
        ]
    }
}