{
    "model": {
        "type": "range_dispatch",
        "property": "custom_model_data",
        "fallback": {
            "type": "model",
            "model": "item/white_dye"
        },
        "entries": [
            {
                "threshold": 1,
                "model": {
                    "type": "model",
                    "model": "item/animated_java_empty"
                }
            },
            {
                "threshold": 2,
                "model": {
                    "type": "model",
                    "model": "animated_java:item/aurora_truck/body"
                }
            },
            {
                "threshold": 3,
                "model": {
                    "type": "model",
                    "model": "animated_java:item/aurora_truck/axle"
                }
            },
            {
                "threshold": 4,
                "model": {
                    "type": "model",
                    "model": "animated_java:item/aurora_truck/axle2"
                }
            },
            {
                "threshold": 1000,
                "model": {
                    "type": "model",
                    "model": "item/white_dye"
                }
            }
        ]
    }
}