{
    "model": {
        "type": "range_dispatch",
        "property": "custom_model_data",
        "fallback": {
            "type": "model",
            "model": "item/yellow_dye"
        },
        "entries": [
            {
                "threshold": 1,
                "model": {
                    "type": "model",
                    "model": "item/entities/cardguy/card_green"
                }
            },
            {
                "threshold": 10,
                "model": {
                    "type": "model",
                    "model": "item/yellow_dye"
                }
            }
        ]
    }
}