{"display":{"thirdperson_righthand":{"rotation":[0,180,0],"translation":[0,-1.25,-0.75]},"thirdperson_lefthand":{"rotation":[0,180,0],"translation":[0,-1.25,-0.75]},"firstperson_righthand":{"rotation":[0,180,0],"translation":[3.5,8.75,-4.25]},"firstperson_lefthand":{"rotation":[0,180,0],"translation":[3.5,8.75,-4.25]},"ground":{"translation":[0,2.75,0]},"gui":{"rotation":[-28.22,-43.76,-37.78],"translation":[0.25,-1.75,0],"scale":[0.8,0.8,0.8]}},"texture_size":[32,32],"textures":{"0":"item/gear/flamethrower","particle":"item/gear/flamethrower"},"elements":[{"from":[7,4.5,0],"to":[9,10.5,2],"rotation":{"angle":22.5,"axis":"x","origin":[8,9.5,1]},"faces":{"north":{"uv":[10,7,11,10],"texture":"#0"},"east":{"uv":[10,10,11,13],"texture":"#0"},"south":{"uv":[0,10.5,1,13.5],"texture":"#0"},"west":{"uv":[1,10.5,2,13.5],"texture":"#0"},"up":{"uv":[6,13,5,12],"texture":"#0"},"down":{"uv":[8,12,7,13],"texture":"#0"}}},{"from":[7,4.5,2],"to":[9,4.5,3],"rotation":{"angle":22.5,"axis":"x","origin":[8,9.5,1]},"faces":{"north":{"uv":[0,0,1,0],"texture":"#0"},"east":{"uv":[0,0,0.5,0],"texture":"#0"},"south":{"uv":[0,0,1,0],"texture":"#0"},"west":{"uv":[0,0,0.5,0],"texture":"#0"},"up":{"uv":[5,7.5,4,7],"texture":"#0"},"down":{"uv":[13.5,10,12.5,10.5],"texture":"#0"}}},{"from":[6.99,9.99,-1.01],"to":[9.01,13.01,7.01],"rotation":{"angle":0,"axis":"y","origin":[7,10,0]},"faces":{"north":{"uv":[9,11,10,12.5],"texture":"#0"},"east":{"uv":[8.5,0,12.5,1.5],"texture":"#0"},"south":{"uv":[6,11.5,7,13],"texture":"#0"},"west":{"uv":[8.5,1.5,12.5,3],"texture":"#0"},"up":{"uv":[7,11.5,6,7.5],"texture":"#0"},"down":{"uv":[10,7,9,11],"texture":"#0"}}},{"from":[8,8,1],"to":[8,15,11],"rotation":{"angle":0,"axis":"y","origin":[7,13,2]},"faces":{"north":{"uv":[0,0,0,3.5],"texture":"#0"},"east":{"uv":[0,0,5,3.5],"texture":"#0"},"south":{"uv":[0,0,0,3.5],"texture":"#0"},"west":{"uv":[0,3.5,5,7],"texture":"#0"},"up":{"uv":[0,5,0,0],"texture":"#0"},"down":{"uv":[0,0,0,5],"texture":"#0"}}},{"from":[7,10,17],"to":[9,13,19],"rotation":{"angle":0,"axis":"y","origin":[7,10,15]},"faces":{"north":{"uv":[11,11.5,12,13],"texture":"#0"},"east":{"uv":[2,12,3,13.5],"texture":"#0"},"south":{"uv":[3,12,4,13.5],"texture":"#0"},"west":{"uv":[4,12,5,13.5],"texture":"#0"},"up":{"uv":[9,13,8,12],"texture":"#0"},"down":{"uv":[13,11.5,12,12.5],"texture":"#0"}}},{"from":[6.5,11,19],"to":[9.5,14,23],"rotation":{"angle":0,"axis":"y","origin":[6.5,11,17]},"faces":{"north":{"uv":[11,8.5,12.5,10],"texture":"#0"},"east":{"uv":[4,10.5,6,12],"texture":"#0"},"south":{"uv":[11,10,12.5,11.5],"texture":"#0"},"west":{"uv":[11,3,13,4.5],"texture":"#0"},"up":{"uv":[12.5,6.5,11,4.5],"texture":"#0"},"down":{"uv":[12.5,6.5,11,8.5],"texture":"#0"}}},{"from":[7.5,12,14],"to":[8.5,13,17],"rotation":{"angle":0,"axis":"y","origin":[6.5,10,12]},"faces":{"north":{"uv":[8.5,3,9,3.5],"texture":"#0"},"east":{"uv":[12.5,2,14,2.5],"texture":"#0"},"south":{"uv":[8.5,3.5,9,4],"texture":"#0"},"west":{"uv":[12.5,2.5,14,3],"texture":"#0"},"up":{"uv":[13,6,12.5,4.5],"texture":"#0"},"down":{"uv":[13,6,12.5,7.5],"texture":"#0"}}},{"from":[7.5,10,14],"to":[8.5,11,17],"rotation":{"angle":0,"axis":"y","origin":[6.5,8,12]},"faces":{"north":{"uv":[9.5,12.5,10,13],"texture":"#0"},"east":{"uv":[12.5,7.5,14,8],"texture":"#0"},"south":{"uv":[13,3.5,13.5,4],"texture":"#0"},"west":{"uv":[12.5,8,14,8.5],"texture":"#0"},"up":{"uv":[13,10,12.5,8.5],"texture":"#0"},"down":{"uv":[9.5,12.5,9,14],"texture":"#0"}}},{"from":[6,9,7],"to":[10,13,14],"rotation":{"angle":0,"axis":"y","origin":[7,10,0]},"faces":{"north":{"uv":[2,10,4,12],"texture":"#0"},"east":{"uv":[5,0,8.5,2],"texture":"#0"},"south":{"uv":[7,10,9,12],"texture":"#0"},"west":{"uv":[5,2,8.5,4],"texture":"#0"},"up":{"uv":[7,7.5,5,4],"texture":"#0"},"down":{"uv":[2,7,0,10.5],"texture":"#0"}}},{"from":[6,2,9],"to":[10,8,13],"rotation":{"angle":0,"axis":"y","origin":[7,5,0]},"faces":{"north":{"uv":[2,7,4,10],"texture":"#0"},"east":{"uv":[7,4,9,7],"texture":"#0"},"south":{"uv":[7,7,9,10],"texture":"#0"},"west":{"uv":[4,7.5,6,10.5],"texture":"#0"},"up":{"uv":[11,5,9,3],"texture":"#0"},"down":{"uv":[11,5,9,7],"texture":"#0"}}},{"from":[7,8,10],"to":[9,9,12],"rotation":{"angle":0,"axis":"y","origin":[7,6,0]},"faces":{"north":{"uv":[12.5,10.5,13.5,11],"texture":"#0"},"east":{"uv":[12.5,11,13.5,11.5],"texture":"#0"},"south":{"uv":[12,12.5,13,13],"texture":"#0"},"west":{"uv":[13,3,14,3.5],"texture":"#0"},"up":{"uv":[13.5,1,12.5,0],"texture":"#0"},"down":{"uv":[13.5,1,12.5,2],"texture":"#0"}}}]}