{"display":{"thirdperson_righthand":{"rotation":[0,45,0],"translation":[-2.25,5.25,0]},"thirdperson_lefthand":{"rotation":[0,45,0],"translation":[-2.25,5.25,0]},"firstperson_righthand":{"rotation":[-22.75,46.75,0],"translation":[3.75,6,-3]},"firstperson_lefthand":{"rotation":[-22.75,46.75,0],"translation":[3.75,6,-3]},"ground":{"translation":[0,4.25,0]},"gui":{"rotation":[17.75,45,0],"translation":[0,6.75,0],"scale":[1.66,1.66,1.66]}},"texture_size":[32,32],"textures":{"0":"item/gear/flamethrower","particle":"item/gear/flamethrower"},"elements":[{"from":[6,0,6],"to":[10,6,10],"rotation":{"angle":0,"axis":"y","origin":[7,3,-3]},"faces":{"north":{"uv":[2,7,4,10],"texture":"#0"},"east":{"uv":[7,4,9,7],"texture":"#0"},"south":{"uv":[7,7,9,10],"texture":"#0"},"west":{"uv":[4,7.5,6,10.5],"texture":"#0"},"up":{"uv":[11,5,9,3],"texture":"#0"},"down":{"uv":[11,5,9,7],"texture":"#0"}}},{"from":[7,6,7],"to":[9,7,9],"rotation":{"angle":0,"axis":"y","origin":[7,4,-3]},"faces":{"north":{"uv":[12.5,10.5,13.5,11],"texture":"#0"},"east":{"uv":[12.5,11,13.5,11.5],"texture":"#0"},"south":{"uv":[12,12.5,13,13],"texture":"#0"},"west":{"uv":[13,3,14,3.5],"texture":"#0"},"up":{"uv":[13.5,1,12.5,0],"texture":"#0"},"down":{"uv":[13.5,1,12.5,2],"texture":"#0"}}}]}