{"display":{"thirdperson_righthand":{"rotation":[0,90,0],"translation":[-0.25,4.25,0.25],"scale":[0.72,0.72,0.72]},"thirdperson_lefthand":{"rotation":[0,-90,0],"translation":[0.5,4.25,0.25],"scale":[0.72,0.72,0.72]},"firstperson_righthand":{"rotation":[-10.67,-23.18,98.54],"translation":[-3.75,1,-2.25]},"firstperson_lefthand":{"rotation":[-10.67,-23.18,98.54],"translation":[-3.75,1,-2.25]},"ground":{"translation":[0,4.75,-0.5],"scale":[0.75,0.75,0.75]},"gui":{"rotation":[180,19,-174],"translation":[1,7.25,0],"scale":[1.51,1.51,1.51]}},"textures":{"0":"item/keycards/aurora","particle":"item/keycards/aurora"},"elements":[{"from":[6,5,8],"to":[11,6,9],"rotation":{"angle":0,"axis":"y","origin":[9,5,10]},"faces":{"north":{"uv":[0,8,5,9],"texture":"#0"},"east":{"uv":[10,1,11,2],"texture":"#0"},"south":{"uv":[5,8,10,9],"texture":"#0"},"west":{"uv":[10,0,11,1],"texture":"#0"},"up":{"uv":[1,14,0,9],"rotation":270,"texture":"#0"},"down":{"uv":[2,9,1,14],"rotation":90,"texture":"#0"}}},{"from":[5,0,8],"to":[12,5,9],"rotation":{"angle":0,"axis":"y","origin":[9,4,8]},"faces":{"north":{"uv":[10,0,5,7],"rotation":270,"texture":"#0"},"east":{"uv":[7,9,12,10],"rotation":270,"texture":"#0"},"south":{"uv":[5,7,0,0],"rotation":270,"texture":"#0"},"west":{"uv":[2,9,7,10],"rotation":90,"texture":"#0"},"up":{"uv":[0,7,7,8],"rotation":180,"texture":"#0"},"down":{"uv":[7,7,14,8],"texture":"#0"}}}]}