{"display":{"thirdperson_righthand":{"rotation":[0,90,0],"translation":[-0.25,4.25,0.25],"scale":[0.72,0.72,0.72]},"thirdperson_lefthand":{"rotation":[0,-90,0],"translation":[0.5,4.25,0.25],"scale":[0.72,0.72,0.72]},"firstperson_righthand":{"rotation":[-10.67,-23.18,98.54],"translation":[-3.75,1,-2.25]},"firstperson_lefthand":{"rotation":[-10.67,-23.18,98.54],"translation":[-3.75,1,-2.25]},"ground":{"translation":[0,4.75,-0.5],"scale":[0.75,0.75,0.75]},"gui":{"rotation":[180,19,-174],"translation":[0.5,8,0],"scale":[1.51,1.51,1.51]}},"texture_size":[8,5],"textures":{"0":"item/keycards/l4","particle":"item/keycards/l4"},"elements":[{"from":[4,0,8],"to":[12,5,9],"faces":{"north":{"uv":[0,0,16,16],"texture":"#0"},"east":{"uv":[0,0,2,16],"texture":"#0"},"south":{"uv":[16,0,0,16],"texture":"#0"},"west":{"uv":[14,0,16,16],"texture":"#0"},"up":{"uv":[16,0,0,3.2],"texture":"#0"},"down":{"uv":[16,12.8,0,16],"texture":"#0"}}}]}