{"display":{"thirdperson_righthand":{"translation":[0,2,-3],"scale":[0.8,0.8,0.8]},"thirdperson_lefthand":{"translation":[0,2,-3],"scale":[0.8,0.8,0.8]},"firstperson_righthand":{"translation":[-9,17,0]},"firstperson_lefthand":{"translation":[-9.089,17,0]},"ground":{"translation":[0,2,0]},"gui":{"rotation":[146.81,62.89,-152.1],"translation":[1,3,0]}},"texture_size":[32,32],"textures":{"0":"item/gear/sitek","particle":"item/gear/sitek"},"elements":[{"from":[7,0,13],"to":[9,5,15],"rotation":{"angle":-22.5,"axis":"x","origin":[8,5,13]},"faces":{"north":{"uv":[2,2,3,4.5],"texture":"#0"},"east":{"uv":[3,2,4,4.5],"texture":"#0"},"south":{"uv":[4,2,5,4.5],"texture":"#0"},"west":{"uv":[2,4.5,3,7],"texture":"#0"},"up":{"uv":[7,4,6,3],"texture":"#0"},"down":{"uv":[7,4,6,5],"texture":"#0"}}},{"from":[7,4,10],"to":[9,5,14],"faces":{"north":{"uv":[5,4,6,4.5],"texture":"#0"},"east":{"uv":[5,6,7,6.5],"texture":"#0"},"south":{"uv":[4,7,5,7.5],"texture":"#0"},"west":{"uv":[6,5,8,5.5],"texture":"#0"},"up":{"uv":[6,4,5,2],"texture":"#0"},"down":{"uv":[7,0,6,2],"texture":"#0"}}},{"from":[7,5,3],"to":[9,7,15],"faces":{"north":{"uv":[5,6.5,6,7.5],"texture":"#0"},"east":{"uv":[0,0,6,1],"texture":"#0"},"south":{"uv":[6,6.5,7,7.5],"texture":"#0"},"west":{"uv":[0,1,6,2],"texture":"#0"},"up":{"uv":[1,8,0,2],"texture":"#0"},"down":{"uv":[2,2,1,8],"texture":"#0"}}},{"from":[8,2,11],"to":[8,4,15],"faces":{"north":{"uv":[0,0,0,1],"texture":"#0"},"east":{"uv":[6,2,8,3],"texture":"#0"},"south":{"uv":[0,0,0,1],"texture":"#0"},"west":{"uv":[3,6,5,7],"texture":"#0"},"up":{"uv":[0,2,0,0],"texture":"#0"},"down":{"uv":[0,0,0,2],"texture":"#0"}}},{"from":[7.5,5.5,-1],"to":[8.5,6.5,3],"faces":{"north":{"uv":[7,6.5,7.5,7],"texture":"#0"},"east":{"uv":[6,5.5,8,6],"texture":"#0"},"south":{"uv":[7,7,7.5,7.5],"texture":"#0"},"west":{"uv":[7,0,9,0.5],"texture":"#0"},"up":{"uv":[2.5,9,2,7],"texture":"#0"},"down":{"uv":[3,7,2.5,9],"texture":"#0"}}},{"from":[7.5,2,6],"to":[8.5,5,9],"faces":{"north":{"uv":[7,0.5,7.5,2],"texture":"#0"},"east":{"uv":[3,4.5,4.5,6],"texture":"#0"},"south":{"uv":[3,7,3.5,8.5],"texture":"#0"},"west":{"uv":[4.5,4.5,6,6],"texture":"#0"},"up":{"uv":[7.5,4.5,7,3],"texture":"#0"},"down":{"uv":[4,7,3.5,8.5],"texture":"#0"}}},{"from":[8,7,3],"to":[8,8,5],"faces":{"north":{"uv":[0,0,0,0.5],"texture":"#0"},"east":{"uv":[7,4.5,8,5],"texture":"#0"},"south":{"uv":[0,0,0,0.5],"texture":"#0"},"west":{"uv":[7,6,8,6.5],"texture":"#0"},"up":{"uv":[0,1,0,0],"texture":"#0"},"down":{"uv":[0,0,0,1],"texture":"#0"}}}]}