{"display":{"thirdperson_righthand":{"rotation":[0,180,0],"translation":[0,2.75,-0.5],"scale":[0.88,0.88,0.88]},"thirdperson_lefthand":{"rotation":[0,180,0],"translation":[0,2.75,-0.5],"scale":[0.88,0.88,0.88]},"firstperson_righthand":{"rotation":[180,-1,180],"translation":[0.5,14.5,-0.5],"scale":[0.9,0.9,0.9]},"firstperson_lefthand":{"rotation":[180,-1,180],"translation":[0.5,14.5,-0.5],"scale":[0.9,0.9,0.9]},"ground":{"translation":[0,2.25,0],"scale":[0.87,0.87,0.87]},"gui":{"rotation":[-22.31,-47.52,-32.24],"translation":[0.5,1.25,0],"scale":[0.8,0.8,0.8]}},"texture_size":[32,32],"textures":{"0":"item/gear/dmr","particle":"item/gear/dmr"},"elements":[{"from":[7.49,4.99,15.99],"to":[8.51,6.01,20.01],"rotation":{"angle":0,"axis":"y","origin":[7.5,4,4]},"faces":{"north":{"uv":[8,1.5,8.5,2],"texture":"#0"},"east":{"uv":[7.5,5.5,9.5,6],"texture":"#0"},"south":{"uv":[8.5,5,9,5.5],"texture":"#0"},"west":{"uv":[8,0,10,0.5],"texture":"#0"},"up":{"uv":[6,9,5.5,7],"texture":"#0"},"down":{"uv":[4.5,8,4,10],"texture":"#0"}}},{"from":[7.49,2.99,7.99],"to":[8.51,5.01,11.01],"rotation":{"angle":0,"axis":"y","origin":[7.5,5,4]},"faces":{"north":{"uv":[8.5,1.5,9,2.5],"texture":"#0"},"east":{"uv":[6,3,7.5,4],"texture":"#0"},"south":{"uv":[2,8.5,2.5,9.5],"texture":"#0"},"west":{"uv":[6,4.5,7.5,5.5],"texture":"#0"},"up":{"uv":[3,10,2.5,8.5],"texture":"#0"},"down":{"uv":[3.5,8.5,3,10],"texture":"#0"}}},{"from":[7.99,2.99,4.99],"to":[8.01,5.01,8.01],"rotation":{"angle":0,"axis":"y","origin":[7,5,1]},"faces":{"north":{"uv":[0,0,0,1],"texture":"#0"},"east":{"uv":[7,2,8.5,3],"texture":"#0"},"south":{"uv":[0,0,0,1],"texture":"#0"},"west":{"uv":[4,7,5.5,8],"texture":"#0"},"up":{"uv":[0,1.5,0,0],"texture":"#0"},"down":{"uv":[0,0,0,1.5],"texture":"#0"}}},{"from":[7,1,4],"to":[9,6,6],"rotation":{"angle":22.5,"axis":"x","origin":[8,5,5]},"faces":{"north":{"uv":[2,4.5,3,7],"texture":"#0"},"east":{"uv":[3,4.5,4,7],"texture":"#0"},"south":{"uv":[4,4.5,5,7],"texture":"#0"},"west":{"uv":[5,4.5,6,7],"texture":"#0"},"up":{"uv":[8.5,5.5,7.5,4.5],"texture":"#0"},"down":{"uv":[8,7.5,7,8.5],"texture":"#0"}}},{"from":[6.99,4.99,1.99],"to":[9.01,8.01,16.01],"rotation":{"angle":0,"axis":"y","origin":[7,5,4]},"faces":{"north":{"uv":[2,7,3,8.5],"texture":"#0"},"east":{"uv":[0,0,7,1.5],"texture":"#0"},"south":{"uv":[3,7,4,8.5],"texture":"#0"},"west":{"uv":[0,1.5,7,3],"texture":"#0"},"up":{"uv":[1,10,0,3],"texture":"#0"},"down":{"uv":[2,3,1,10],"texture":"#0"}}},{"from":[6.99,7.99,2.99],"to":[9.01,9.01,3.01],"rotation":{"angle":0,"axis":"y","origin":[7,5,4]},"faces":{"north":{"uv":[8.5,4,9.5,4.5],"texture":"#0"},"east":{"uv":[0,0,0,0.5],"texture":"#0"},"south":{"uv":[8.5,4.5,9.5,5],"texture":"#0"},"west":{"uv":[0,0,0,0.5],"texture":"#0"},"up":{"uv":[1,0,0,0],"texture":"#0"},"down":{"uv":[1,0,0,0],"texture":"#0"}}},{"from":[7.49,7.99,15.99],"to":[8.51,10.01,16.01],"rotation":{"angle":0,"axis":"y","origin":[6.5,5,4]},"faces":{"north":{"uv":[8.5,3,9,4],"texture":"#0"},"east":{"uv":[0,0,0,1],"texture":"#0"},"south":{"uv":[3.5,8.5,4,9.5],"texture":"#0"},"west":{"uv":[0,0,0,1],"texture":"#0"},"up":{"uv":[0.5,0,0,0],"texture":"#0"},"down":{"uv":[0.5,0,0,0],"texture":"#0"}}},{"from":[6.99,3.99,-4.01],"to":[9.01,7.01,0.01],"rotation":{"angle":0,"axis":"y","origin":[7,5,2]},"faces":{"north":{"uv":[7,6,8,7.5],"texture":"#0"},"east":{"uv":[2,3,4,4.5],"texture":"#0"},"south":{"uv":[7.5,3,8.5,4.5],"texture":"#0"},"west":{"uv":[4,3,6,4.5],"texture":"#0"},"up":{"uv":[7,8,6,6],"texture":"#0"},"down":{"uv":[8,0,7,2],"texture":"#0"}}},{"from":[6.99,4.99,-0.01],"to":[9.01,7.01,2.01],"rotation":{"angle":0,"axis":"y","origin":[7,5,2]},"faces":{"north":{"uv":[8,0.5,9,1.5],"texture":"#0"},"east":{"uv":[4.5,8,5.5,9],"texture":"#0"},"south":{"uv":[6,8,7,9],"texture":"#0"},"west":{"uv":[8,6,9,7],"texture":"#0"},"up":{"uv":[9,8,8,7],"texture":"#0"},"down":{"uv":[9,8,8,9],"texture":"#0"}}}]}