{
    "providers": [
        {
            "type": "bitmap",
            "file": "font/emotes/faces.png",
            "ascent": 7,
            "height": 8,
            "chars": [
                "",
                "",
                "",
                "",
                "",
                "",
                "",
                "",
                "",
                "",
                "",
                "",
                "",
                "",
                "",
                ""
            ]
        },
        {
            "type": "bitmap",
            "file": "font/emotes/icons.png",
            "ascent": 7,
            "height": 8,
            "chars": [
                "",
                "",
                "",
                "",
                "",
                "",
                "",
                ""
            ]
        },
        {
            "type": "bitmap",
            "file": "font/emotes/site03.png",
            "ascent": 7,
            "height": 8,
            "chars": [
                "",
                "",
                "",
                "",
                "",
                "",
                "",
                "",
                "",
                "",
                "",
                ""
            ]
        },
        {
            "type": "bitmap",
            "file": "font/emotes/limbs.png",
            "ascent": 7,
            "height": 8,
            "chars": [
                "",
                ""
            ]
        },
        {
            "type": "bitmap",
            "file": "font/emotes/floophead.png",
            "ascent": 7,
            "height": 8,
            "chars": [
                ""
            ]
        },
        {
            "type": "bitmap",
            "file": "font/emotes/xtreemes.png",
            "ascent": 7,
            "height": 8,
            "chars": [
                ""
            ]
        },
        {
            "type": "bitmap",
            "file": "font/emotes/endersaltz.png",
            "ascent": 7,
            "height": 8,
            "chars": [
                ""
            ]
        },
        {
            "type": "bitmap",
            "file": "font/emotes/maisie.png",
            "ascent": 7,
            "height": 8,
            "chars": [
                "￿"
            ]
        },
        {
            "type": "bitmap",
            "file": "font/emotes/pixlii.png",
            "ascent": 7,
            "height": 8,
            "chars": [
                ""
            ]
        },
        {
            "type": "bitmap",
            "file": "font/leftwards_double_arrow.png",
            "ascent": 7,
            "height": 8,
            "chars": [
                "⇐"
            ]
        }
    ]
}