{"providers":[{"type":"bitmap","file":"space:space.png","ascent":-10000,"height":-2,"chars":["က"]},{"type":"space","advances":{"Ĩ":-128,"ħ":-127,"Ħ":-126,"ĥ":-125,"Ĥ":-124,"ģ":-123,"Ģ":-122,"ġ":-121,"Ġ":-120,"ę":-119,"Ę":-118,"ė":-117,"Ė":-116,"ĕ":-115,"Ĕ":-114,"ē":-113,"Ē":-112,"đ":-111,"Đ":-110,"ĉ":-109,"Ĉ":-108,"ć":-107,"Ć":-106,"ą":-105,"Ą":-104,"ă":-103,"Ă":-102,"ā":-101,"Ā":-100,"":-99,"":-98,"":-97,"":-96,"":-95,"":-94,"":-93,"":-92,"":-91,"":-90,"":-89,"":-88,"":-87,"":-86,"":-85,"":-84,"":-83,"":-82,"":-81,"":-80,"y":-79,"x":-78,"w":-77,"v":-76,"u":-75,"t":-74,"s":-73,"r":-72,"q":-71,"p":-70,"i":-69,"h":-68,"g":-67,"f":-66,"e":-65,"d":-64,"c":-63,"b":-62,"a":-61,"`":-60,"Y":-59,"X":-58,"W":-57,"V":-56,"U":-55,"T":-54,"S":-53,"R":-52,"Q":-51,"P":-50,"I":-49,"H":-48,"G":-47,"F":-46,"E":-45,"D":-44,"C":-43,"B":-42,"A":-41,"@":-40,"9":-39,"8":-38,"7":-37,"6":-36,"5":-35,"4":-34,"3":-33,"2":-32,"1":-31,"0":-30,")":-29,"(":-28,"'":-27,"&":-26,"%":-25,"$":-24,"#":-23,"\"":-22,"!":-21," ":-20,"\u0019":-19,"\u0018":-18,"\u0017":-17,"\u0016":-16,"\u0015":-15,"\u0014":-14,"\u0013":-13,"\u0012":-12,"\u0011":-11,"\u0010":-10,"\t":-9,"\b":-8,"\u0007":-7,"\u0006":-6,"\u0005":-5,"\u0004":-4,"\u0003":-3,"\u0002":-2,"\u0001":-1,"က":0,"ခ":1,"ဂ":2,"ဃ":3,"င":4,"စ":5,"ဆ":6,"ဇ":7,"ဈ":8,"ဉ":9,"တ":10,"ထ":11,"ဒ":12,"ဓ":13,"န":14,"ပ":15,"ဖ":16,"ဗ":17,"ဘ":18,"မ":19,"ဠ":20,"အ":21,"ဢ":22,"ဣ":23,"ဤ":24,"ဥ":25,"ဦ":26,"ဧ":27,"ဨ":28,"ဩ":29,"ူ":30,"ေ":31,"ဲ":32,"ဳ":33,"ဴ":34,"ဵ":35,"ံ":36,"့":37,"း":38,"္":39,"၀":40,"၁":41,"၂":42,"၃":43,"၄":44,"၅":45,"၆":46,"၇":47,"၈":48,"၉":49,"ၐ":50,"ၑ":51,"ၒ":52,"ၓ":53,"ၔ":54,"ၕ":55,"ၖ":56,"ၗ":57,"ၘ":58,"ၙ":59,"ၠ":60,"ၡ":61,"ၢ":62,"ၣ":63,"ၤ":64,"ၥ":65,"ၦ":66,"ၧ":67,"ၨ":68,"ၩ":69,"ၰ":70,"ၱ":71,"ၲ":72,"ၳ":73,"ၴ":74,"ၵ":75,"ၶ":76,"ၷ":77,"ၸ":78,"ၹ":79,"ႀ":80,"ႁ":81,"ႂ":82,"ႃ":83,"ႄ":84,"ႅ":85,"ႆ":86,"ႇ":87,"ႈ":88,"ႉ":89,"႐":90,"႑":91,"႒":92,"႓":93,"႔":94,"႕":95,"႖":96,"႗":97,"႘":98,"႙":99,"ᄀ":100,"ᄁ":101,"ᄂ":102,"ᄃ":103,"ᄄ":104,"ᄅ":105,"ᄆ":106,"ᄇ":107,"ᄈ":108,"ᄉ":109,"ᄐ":110,"ᄑ":111,"ᄒ":112,"ᄓ":113,"ᄔ":114,"ᄕ":115,"ᄖ":116,"ᄗ":117,"ᄘ":118,"ᄙ":119,"ᄠ":120,"ᄡ":121,"ᄢ":122,"ᄣ":123,"ᄤ":124,"ᄥ":125,"ᄦ":126,"ᄧ":127,"ᄨ":128}}]}