{"display":{"firstperson_righthand":{"translation":[0,5.5,0]}},"texture_size":[64,64],"textures":{"0":"item/other/intercom/red","particle":"item/other/intercom/red"},"elements":[{"from":[1,0,3],"to":[14,1,13],"faces":{"north":{"uv":[6.5,2,9.75,2.25],"texture":"#0"},"east":{"uv":[6.5,2.5,9,2.75],"texture":"#0"},"south":{"uv":[6.5,2.25,9.75,2.5],"texture":"#0"},"west":{"uv":[6.5,2.75,9,3],"texture":"#0"},"up":{"uv":[3.25,2.5,0,0],"texture":"#0"},"down":{"uv":[3.25,2.5,0,5],"texture":"#0"}}},{"from":[1,1,8],"to":[14,3,13],"faces":{"north":{"uv":[0,6.25,3.25,6.75],"texture":"#0"},"east":{"uv":[6.5,3,7.75,3.5],"texture":"#0"},"south":{"uv":[3.25,6.25,6.5,6.75],"texture":"#0"},"west":{"uv":[6.5,3.5,7.75,4],"texture":"#0"},"up":{"uv":[6.5,1.25,3.25,0],"texture":"#0"},"down":{"uv":[6.5,1.25,3.25,2.5],"texture":"#0"}}},{"from":[1.01,1.01,2.76],"to":[13.99,2.99,7.99],"rotation":{"angle":-22.5,"axis":"x","origin":[7.5,3,8]},"faces":{"north":{"uv":[6.5,0,9.75,0.5],"texture":"#0"},"east":{"uv":[6.5,4,7.75,4.5],"texture":"#0"},"south":{"uv":[6.5,0.5,9.75,1],"texture":"#0"},"west":{"uv":[6.5,4.5,7.75,5],"texture":"#0"},"up":{"uv":[6.5,3.75,3.25,2.5],"texture":"#0"},"down":{"uv":[6.5,3.75,3.25,5],"texture":"#0"}}},{"name":"layer","from":[0.6,0.6,2.35],"to":[14.4,3.4,8.4],"rotation":{"angle":-22.5,"axis":"x","origin":[7.5,3,8]},"faces":{"north":{"uv":[6.5,1,9.75,1.5],"texture":"#0"},"east":{"uv":[6.5,5,7.75,5.5],"texture":"#0"},"south":{"uv":[6.5,1.5,9.75,2],"texture":"#0"},"west":{"uv":[6.5,5.5,7.75,6],"texture":"#0"},"up":{"uv":[3.25,6.25,0,5],"texture":"#0"},"down":{"uv":[6.5,5,3.25,6.25],"texture":"#0"}}},{"from":[11.5,3,10.5],"to":[12.5,9,11.5],"faces":{"north":{"uv":[6.5,6,6.75,7.5],"texture":"#0"},"east":{"uv":[0,6.75,0.25,8.25],"texture":"#0"},"south":{"uv":[0.25,6.75,0.5,8.25],"texture":"#0"},"west":{"uv":[0.5,6.75,0.75,8.25],"texture":"#0"},"up":{"uv":[3.5,7,3.25,6.75],"texture":"#0"},"down":{"uv":[3.75,6.75,3.5,7],"texture":"#0"}}},{"from":[11.5,9,10.5],"to":[12.5,14,11.5],"rotation":{"angle":-45,"axis":"x","origin":[12,9,11]},"faces":{"north":{"uv":[1.75,6.75,2,8],"texture":"#0"},"east":{"uv":[2,6.75,2.25,8],"texture":"#0"},"south":{"uv":[2.25,6.75,2.5,8],"texture":"#0"},"west":{"uv":[2.5,6.75,2.75,8],"texture":"#0"},"up":{"uv":[4,7,3.75,6.75],"texture":"#0"},"down":{"uv":[4.25,6.75,4,7],"texture":"#0"}}},{"from":[11.25,8.75,10.25],"to":[12.75,14.25,11.75],"rotation":{"angle":-45,"axis":"x","origin":[12,9,11]},"faces":{"north":{"uv":[0.75,6.75,1,8],"texture":"#0"},"east":{"uv":[1,6.75,1.25,8],"texture":"#0"},"south":{"uv":[1.25,6.75,1.5,8],"texture":"#0"},"west":{"uv":[1.5,6.75,1.75,8],"texture":"#0"},"up":{"uv":[3,7,2.75,6.75],"texture":"#0"},"down":{"uv":[3.25,6.75,3,7],"texture":"#0"}}}]}