{"display":{"thirdperson_righthand":{"translation":[0,3.5,2.25],"scale":[0.9,0.9,0.9]},"thirdperson_lefthand":{"translation":[0,3.5,2.25],"scale":[0.9,0.9,0.9]},"firstperson_righthand":{"rotation":[1.5,3.5,0],"translation":[1.5,15,0]},"firstperson_lefthand":{"rotation":[1.5,3.5,0],"translation":[1.5,15,0]},"ground":{"translation":[0,5,0]},"gui":{"rotation":[165,45,180],"translation":[1.25,2.5,0],"scale":[0.86719,0.86719,0.86719]},"fixed":{"rotation":[0,90,0],"translation":[1.5,2.75,0]}},"texture_size":[32,32],"textures":{"0":"item/gear/aug","particle":"item/gear/aug"},"elements":[{"from":[7,4,1],"to":[9,6,17],"rotation":{"angle":0,"axis":"y","origin":[8,5,10]},"faces":{"north":{"uv":[8,0,9,1],"texture":"#0"},"east":{"uv":[0,0,8,1],"texture":"#0"},"south":{"uv":[8,1,9,2],"texture":"#0"},"west":{"uv":[0,1,8,2],"texture":"#0"},"up":{"uv":[1,10,0,2],"texture":"#0"},"down":{"uv":[2,2,1,10],"texture":"#0"}}},{"from":[7,2,13],"to":[9,4,17],"faces":{"north":{"uv":[3,8,4,9],"texture":"#0"},"east":{"uv":[5,2,7,3],"texture":"#0"},"south":{"uv":[8,3.5,9,4.5],"texture":"#0"},"west":{"uv":[5,3,7,4],"texture":"#0"},"up":{"uv":[6,6,5,4],"texture":"#0"},"down":{"uv":[3,6,2,8],"texture":"#0"}}},{"from":[7,0,6],"to":[9,4,8],"rotation":{"angle":0,"axis":"y","origin":[8,4,8]},"faces":{"north":{"uv":[3,6,4,8],"texture":"#0"},"east":{"uv":[6,4,7,6],"texture":"#0"},"south":{"uv":[5,6,6,8],"texture":"#0"},"west":{"uv":[6,6,7,8],"texture":"#0"},"up":{"uv":[9,5.5,8,4.5],"texture":"#0"},"down":{"uv":[6,8,5,9],"texture":"#0"}}},{"from":[8,0,2],"to":[8,4,6],"rotation":{"angle":0,"axis":"y","origin":[8,4,8]},"faces":{"north":{"uv":[0,0,0,2],"texture":"#0"},"east":{"uv":[2,2,4,4],"texture":"#0"},"south":{"uv":[0,0,0,2],"texture":"#0"},"west":{"uv":[2,4,4,6],"texture":"#0"},"up":{"uv":[0,2,0,0],"texture":"#0"},"down":{"uv":[0,0,0,2],"texture":"#0"}}},{"from":[7.5,0,10],"to":[8.5,5,12],"rotation":{"angle":22.5,"axis":"x","origin":[8,4,11]},"faces":{"north":{"uv":[2,8,2.5,10.5],"texture":"#0"},"east":{"uv":[4,2,5,4.5],"texture":"#0"},"south":{"uv":[2.5,8,3,10.5],"texture":"#0"},"west":{"uv":[4,4.5,5,7],"texture":"#0"},"up":{"uv":[8.5,6.5,8,5.5],"texture":"#0"},"down":{"uv":[6.5,8,6,9],"texture":"#0"}}},{"from":[7.5,4.5,-5],"to":[8.5,5.5,1],"faces":{"north":{"uv":[6.5,8,7,8.5],"texture":"#0"},"east":{"uv":[7,7,10,7.5],"texture":"#0"},"south":{"uv":[7,8,7.5,8.5],"texture":"#0"},"west":{"uv":[7.5,3,10.5,3.5],"texture":"#0"},"up":{"uv":[5,10,4.5,7],"texture":"#0"},"down":{"uv":[8,3.5,7.5,6.5],"texture":"#0"}}},{"from":[7.5,7,6],"to":[8.5,8,14],"faces":{"north":{"uv":[7.5,8,8,8.5],"texture":"#0"},"east":{"uv":[7,2,11,2.5],"texture":"#0"},"south":{"uv":[8,8,8.5,8.5],"texture":"#0"},"west":{"uv":[7,2.5,11,3],"texture":"#0"},"up":{"uv":[7.5,7,7,3],"texture":"#0"},"down":{"uv":[4.5,7,4,11],"texture":"#0"}}},{"from":[8,6,6],"to":[8,7,12],"faces":{"north":{"uv":[0,0,0,0.5],"texture":"#0"},"east":{"uv":[7.5,6.5,10.5,7],"texture":"#0"},"south":{"uv":[0,0,0,0.5],"texture":"#0"},"west":{"uv":[7,7.5,10,8],"texture":"#0"},"up":{"uv":[0,3,0,0],"texture":"#0"},"down":{"uv":[0,0,0,3],"texture":"#0"}}}]}