{"elements":[{"from":[4.5,0,4.5],"to":[11.5,18,11.5],"faces":{"north":{"uv":[0,0,1.75,4.5],"texture":"#0"},"east":{"uv":[1.75,0,3.5,4.5],"texture":"#0"},"south":{"uv":[3.5,0,5.25,4.5],"texture":"#0"},"west":{"uv":[0,4.5,1.75,9],"texture":"#0"},"up":{"uv":[3.5,6.25,1.75,4.5],"texture":"#0"},"down":{"uv":[5.25,4.5,3.5,6.25],"texture":"#0"}}},{"from":[3,7,6],"to":[5,17,10],"rotation":{"angle":0,"axis":"z","origin":[5,15,8]},"faces":{"north":{"uv":[2,5,3,10],"texture":"#1"},"east":{"uv":[0,0,2,5],"texture":"#1"},"south":{"uv":[3,5,4,10],"texture":"#1"},"west":{"uv":[2,0,4,5],"texture":"#1"},"up":{"uv":[7,2,6,0],"texture":"#1"},"down":{"uv":[7,2,6,4],"texture":"#1"}}},{"from":[11,7,6],"to":[13,17,10],"rotation":{"angle":0,"axis":"y","origin":[5,15,8]},"faces":{"north":{"uv":[4,5,5,10],"texture":"#1"},"east":{"uv":[4,0,6,5],"texture":"#1"},"south":{"uv":[5,5,6,10],"texture":"#1"},"west":{"uv":[0,5,2,10],"texture":"#1"},"up":{"uv":[7,6,6,4],"texture":"#1"},"down":{"uv":[7,6,6,8],"texture":"#1"}}}],"texture_size":[32,32],"textures":{"0":"item/552/body","1":"item/552/arms","particle":"item/552/body"}}