{"display":{},"texture_size":[32,32],"textures":{"0":"item/552/head","particle":"item/552/head"},"elements":[{"from":[3.5,3,4],"to":[12.5,4,12],"rotation":{"angle":0,"axis":"y","origin":[8,3.5,8]},"faces":{"north":{"uv":[8,6,12.5,6.5],"texture":"#0"},"east":{"uv":[8,7,12,7.5],"texture":"#0"},"south":{"uv":[8,6.5,12.5,7],"texture":"#0"},"west":{"uv":[8,7.5,12,8],"texture":"#0"},"up":{"uv":[4.5,4,0,0],"texture":"#0"},"down":{"uv":[4.5,4,0,8],"texture":"#0"}}},{"from":[4.75,0,4.75],"to":[11.25,6,11.25],"rotation":{"angle":0,"axis":"y","origin":[8,3,8]},"faces":{"north":{"uv":[4.5,7,7.75,10],"texture":"#0"},"east":{"uv":[0,8,3.25,11],"texture":"#0"},"south":{"uv":[8,0,11.25,3],"texture":"#0"},"west":{"uv":[8,3,11.25,6],"texture":"#0"},"up":{"uv":[7.75,3.25,4.5,0],"texture":"#0"},"down":{"uv":[7.75,3.5,4.5,6.75],"texture":"#0"}}}]}