{"display":{"thirdperson_righthand":{"translation":[0,4.25,-3.25]},"thirdperson_lefthand":{"translation":[0,4.25,-3.25]},"firstperson_righthand":{"translation":[0,15.75,-6.75],"scale":[1.05,1.05,1.05]},"firstperson_lefthand":{"translation":[0,15.75,-6.75],"scale":[1.05,1.05,1.05]},"ground":{"translation":[0,4.5,0]},"gui":{"rotation":[165,45,180],"translation":[-1,3.75,0]},"fixed":{"rotation":[0,90,0],"translation":[-1.75,3.75,0]}},"texture_size":[32,32],"textures":{"0":"item/gear/hunter","particle":"item/gear/hunter"},"elements":[{"from":[7.5,4,-1],"to":[8.5,5,17],"faces":{"north":{"uv":[4,5,4.5,5.5],"texture":"#0"},"east":{"uv":[2,0,11,0.5],"texture":"#0"},"south":{"uv":[4,5.5,4.5,6],"texture":"#0"},"west":{"uv":[2,0.5,11,1],"texture":"#0"},"up":{"uv":[2.5,10,2,1],"texture":"#0"},"down":{"uv":[3,1,2.5,10],"texture":"#0"}}},{"from":[8,5,0],"to":[8,6,2],"faces":{"north":{"uv":[0,0,0,0.5],"texture":"#0"},"east":{"uv":[6.5,5,7.5,5.5],"texture":"#0"},"south":{"uv":[0,0,0,0.5],"texture":"#0"},"west":{"uv":[6.5,5.5,7.5,6],"texture":"#0"},"up":{"uv":[0,1,0,0],"texture":"#0"},"down":{"uv":[0,0,0,1],"texture":"#0"}}},{"from":[6.99,3.5,4],"to":[9.01,4.5,17],"faces":{"north":{"uv":[6.5,6,7.5,6.5],"texture":"#0"},"east":{"uv":[3,1,9.5,1.5],"texture":"#0"},"south":{"uv":[6.5,6.5,7.5,7],"texture":"#0"},"west":{"uv":[3,1.5,9.5,2],"texture":"#0"},"up":{"uv":[1,6.5,0,0],"texture":"#0"},"down":{"uv":[2,0,1,6.5],"texture":"#0"}}},{"from":[7,0,13],"to":[9,4,15],"rotation":{"angle":-22.5,"axis":"x","origin":[8,4,14]},"faces":{"north":{"uv":[4.5,2,5.5,4],"texture":"#0"},"east":{"uv":[4.5,4,5.5,6],"texture":"#0"},"south":{"uv":[3,5,4,7],"texture":"#0"},"west":{"uv":[5.5,2,6.5,4],"texture":"#0"},"up":{"uv":[2,7.5,1,6.5],"texture":"#0"},"down":{"uv":[7.5,4,6.5,5],"texture":"#0"}}},{"from":[7,1.5,17],"to":[9,4.5,20],"faces":{"north":{"uv":[5.5,4,6.5,5.5],"texture":"#0"},"east":{"uv":[3,2,4.5,3.5],"texture":"#0"},"south":{"uv":[5.5,5.5,6.5,7],"texture":"#0"},"west":{"uv":[3,3.5,4.5,5],"texture":"#0"},"up":{"uv":[5,7.5,4,6],"texture":"#0"},"down":{"uv":[1,6.5,0,8],"texture":"#0"}}},{"from":[8,1.5,11],"to":[8,3.5,14],"faces":{"north":{"uv":[0,0,0,1],"texture":"#0"},"east":{"uv":[6.5,2,8,3],"texture":"#0"},"south":{"uv":[0,0,0,1],"texture":"#0"},"west":{"uv":[6.5,3,8,4],"texture":"#0"},"up":{"uv":[0,1.5,0,0],"texture":"#0"},"down":{"uv":[0,0,0,1.5],"texture":"#0"}}}]}